City_ID,City,Country,Date,Lat,Lng,Max Temp,Humidity,Cloudiness,Wind Speed
0,Chokwe,MZ,2022-05-18 20:23:30,-24.5333,32.9833,66.96,78,37,5.14
1,Ahipara,NZ,2022-05-18 20:23:31,-35.1667,173.1667,64.62,95,100,13.82
2,Agua Verde,MX,2022-05-18 20:23:31,22.9,-106.05,82.49,64,76,10.69
3,Dikson,RU,2022-05-18 20:23:32,73.5069,80.5464,30.67,94,100,11.1
4,Lhokseumawe,ID,2022-05-18 20:23:32,5.1801,97.1507,78.53,86,100,3.06
5,Ponta Do Sol,PT,2022-05-18 20:23:33,32.6667,-17.1,70.72,82,42,4.97
6,Chokurdakh,RU,2022-05-18 20:23:33,70.6333,147.9167,28.54,91,100,4.41
7,Bluff,NZ,2022-05-18 20:23:34,-46.6,168.3333,49.8,86,95,11.68
8,Mataura,NZ,2022-05-18 20:23:34,-46.1927,168.8643,49.48,98,92,1.99
9,Punta Arenas,CL,2022-05-18 20:23:36,-53.15,-70.9167,46.51,76,20,4.61
10,Tuktoyaktuk,CA,2022-05-18 20:23:36,69.4541,-133.0374,32.0,93,100,12.66
11,Douglas,US,2022-05-18 20:23:37,41.3,-96.167,83.39,48,0,6.91
12,Bethel,US,2022-05-18 20:23:37,41.3712,-73.414,73.02,35,0,5.75
13,Busselton,AU,2022-05-18 20:23:37,-33.65,115.3333,61.93,81,97,2.89
14,Yellowknife,CA,2022-05-18 20:19:56,62.456,-114.3525,52.32,25,20,13.8
15,Teluknaga,ID,2022-05-18 20:23:38,-6.0989,106.6381,79.63,100,40,2.3
16,Ushuaia,AR,2022-05-18 20:23:38,-54.8,-68.3,44.26,70,20,2.3
17,Port Alfred,ZA,2022-05-18 20:23:39,-33.5906,26.891,72.91,43,39,11.14
18,Puerto Ayora,EC,2022-05-18 20:23:39,-0.7393,-90.3518,85.96,90,86,4.0
19,El Retorno,CO,2022-05-18 20:23:40,2.3302,-72.6276,70.83,99,100,5.01
20,West Plains,US,2022-05-18 20:23:40,36.7281,-91.8524,86.83,65,20,4.61
21,Vaini,TO,2022-05-18 20:23:41,-21.2,-175.2,75.36,83,20,8.05
22,Kapaa,US,2022-05-18 20:23:41,22.0752,-159.319,78.78,95,40,19.57
23,Filadelfia,US,2022-05-18 20:20:54,39.9523,-75.1638,75.15,38,75,9.22
24,La Roda,ES,2022-05-18 20:23:42,39.2167,-2.15,76.91,54,54,15.7
25,Goma,CD,2022-05-18 20:23:42,-1.6792,29.2228,64.22,90,99,2.13
26,Cam Ranh,VN,2022-05-18 20:20:27,11.9214,109.1591,78.76,89,40,3.44
27,Biak,ID,2022-05-18 20:23:43,-0.9131,122.8766,75.51,89,99,4.52
28,Arraial Do Cabo,BR,2022-05-18 20:23:43,-22.9661,-42.0278,69.66,43,0,11.5
29,Champerico,GT,2022-05-18 20:23:44,14.3,-91.9167,90.14,64,97,10.02
30,Fuzhou,CN,2022-05-18 20:23:44,26.0614,119.3061,69.69,69,100,3.04
31,Barrow,US,2022-05-18 20:23:45,71.2906,-156.7887,17.62,86,100,13.8
32,Butaritari,KI,2022-05-18 20:23:45,3.0707,172.7902,81.39,77,96,12.5
33,Saint-Philippe,RE,2022-05-18 20:23:46,-21.3585,55.7679,72.99,75,83,11.16
34,Ierapetra,GR,2022-05-18 20:23:46,35.01,25.7353,68.14,77,0,1.01
35,Albany,US,2022-05-18 20:23:47,42.6001,-73.9662,67.78,30,100,1.01
36,Castro,BR,2022-05-18 20:23:47,-24.7911,-50.0119,43.61,88,100,12.06
37,Batemans Bay,AU,2022-05-18 20:23:48,-35.7167,150.1833,43.97,77,0,4.45
38,East London,ZA,2022-05-18 20:19:38,-33.0153,27.9116,74.53,40,1,9.31
39,Usinsk,RU,2022-05-18 20:23:48,65.9939,57.5281,32.02,73,85,9.78
40,Katsuura,JP,2022-05-18 20:23:49,35.1333,140.3,61.2,83,0,2.08
41,Qaanaaq,GL,2022-05-18 20:23:49,77.484,-69.3632,30.81,75,98,2.39
42,Ulaangom,MN,2022-05-18 20:23:50,49.9811,92.0667,60.82,34,0,1.7
43,Aykhal,RU,2022-05-18 20:23:50,66.0,111.5,42.19,85,100,7.47
44,Kamenka,RU,2022-05-18 20:23:51,51.3223,42.7678,46.58,86,7,6.08
45,Atuona,PF,2022-05-18 20:23:51,-9.8,-139.0333,78.01,72,30,15.7
46,Clyde River,CA,2022-05-18 20:23:51,70.4692,-68.5914,26.83,86,100,4.61
47,Qinzhou,CN,2022-05-18 20:24:52,21.95,108.6167,71.35,90,90,5.08
48,San Patricio,US,2022-05-18 20:24:53,28.017,-97.5169,93.92,36,9,21.59
49,Contai,IN,2022-05-18 20:24:53,21.7786,87.7536,84.18,84,72,16.69
50,Carauari,BR,2022-05-18 20:24:54,-4.8828,-66.8958,76.15,73,100,3.85
51,Pareora,NZ,2022-05-18 20:24:54,-44.4871,171.2132,54.18,79,58,7.25
52,Ostersund,SE,2022-05-18 20:24:55,63.1792,14.6357,57.65,33,0,1.14
53,Mbandaka,CD,2022-05-18 20:24:55,0.0487,18.2603,76.48,77,83,1.57
54,Oranjemund,NA,2022-05-18 20:24:56,-28.55,16.4333,60.67,76,44,4.07
55,Saskylakh,RU,2022-05-18 20:24:56,71.9167,114.0833,23.22,93,99,13.18
56,Jamestown,US,2022-05-18 20:22:24,42.097,-79.2353,60.03,64,100,4.61
57,Baruun-Urt,MN,2022-05-18 20:24:57,46.6806,113.2792,54.01,39,8,3.27
58,Sao Filipe,CV,2022-05-18 20:24:57,14.8961,-24.4956,76.82,67,100,6.24
59,Vestmanna,FO,2022-05-18 20:24:58,62.1564,-7.1664,47.32,93,100,13.8
60,Biggar,GB,2022-05-18 20:24:58,55.6167,-3.5167,58.78,79,100,10.33
61,Kangaatsiaq,GL,2022-05-18 20:24:59,68.3065,-53.4641,30.04,84,6,11.3
62,Cape Town,ZA,2022-05-18 20:23:30,-33.9258,18.4232,59.88,90,75,6.91
63,Geraldton,AU,2022-05-18 20:24:59,-28.7667,114.6,57.61,94,40,13.8
64,Tongchuan,CN,2022-05-18 20:25:00,35.0806,109.0897,60.66,49,100,2.57
65,Alice Springs,AU,2022-05-18 20:25:00,-23.7,133.8833,62.15,45,100,10.36
66,Soyo,AO,2022-05-18 20:25:01,-6.1349,12.3689,77.58,85,0,11.14
67,Rikitea,PF,2022-05-18 20:25:01,-23.1203,-134.9692,76.91,74,14,17.6
68,Lyuban,BY,2022-05-18 20:25:02,52.7985,28.0048,45.46,78,14,8.84
69,Kavieng,PG,2022-05-18 20:25:03,-2.5744,150.7967,81.77,78,11,7.72
70,Nanortalik,GL,2022-05-18 20:25:03,60.1432,-45.2371,38.64,81,19,6.98
71,Manta,EC,2022-05-18 20:25:04,-0.95,-80.7333,80.38,78,100,11.5
72,Tiksi,RU,2022-05-18 20:25:05,71.6872,128.8694,21.81,95,99,5.41
73,Changde,CN,2022-05-18 20:25:05,29.0464,111.6783,59.7,96,100,2.77
74,Grindavik,IS,2022-05-18 20:23:24,63.8424,-22.4338,49.95,93,100,10.36
75,Severo-Kurilsk,RU,2022-05-18 20:25:06,50.6789,156.125,43.5,89,92,3.15
76,Lagoa,PT,2022-05-18 20:25:06,39.05,-27.9833,60.01,96,100,20.51
77,Khasan,RU,2022-05-18 20:25:07,42.4308,130.6434,49.26,88,2,4.25
78,Upernavik,GL,2022-05-18 20:25:07,72.7868,-56.1549,29.28,78,6,10.76
79,Chengde,CN,2022-05-18 20:25:08,40.9725,117.9361,54.77,56,90,0.87
80,Cayenne,GF,2022-05-18 20:22:09,4.9333,-52.3333,84.24,1,75,10.36
81,Verkhnyaya Inta,RU,2022-05-18 20:25:09,65.9811,60.3094,31.3,80,85,7.14
82,Hobart,AU,2022-05-18 20:25:01,-42.8794,147.3294,51.26,65,75,14.97
83,Selenduma,RU,2022-05-18 20:25:10,50.9131,106.2406,54.95,51,64,1.45
84,Kahului,US,2022-05-18 20:25:10,20.8947,-156.47,82.42,66,40,5.99
85,Mayo,US,2022-05-18 20:25:11,38.8876,-76.5119,74.55,54,0,6.91
86,Egvekinot,RU,2022-05-18 20:25:11,66.3167,-179.1667,29.1,99,100,4.34
87,Mar Del Plata,AR,2022-05-18 20:25:11,-38.0023,-57.5575,51.82,72,100,13.8
88,Victoria,HK,2022-05-18 20:20:27,22.2855,114.1577,76.32,70,100,8.99
89,Maningrida,AU,2022-05-18 20:25:12,-12.0667,134.2667,67.39,84,8,6.46
90,Khon Buri,TH,2022-05-18 20:25:13,14.5254,102.2459,81.54,87,100,4.72
91,Neyshabur,IR,2022-05-18 20:26:13,36.2133,58.7958,67.75,52,28,6.53
92,Bredasdorp,ZA,2022-05-18 20:26:14,-34.5322,20.0403,61.3,84,100,14.34
93,Bambous Virieux,MU,2022-05-18 20:26:14,-20.3428,57.7575,75.45,69,75,9.22
94,Praia Da Vitoria,PT,2022-05-18 20:26:14,38.7333,-27.0667,59.76,100,75,22.17
95,Badvel,IN,2022-05-18 20:26:15,14.75,79.05,85.15,72,100,4.34
96,Hithadhoo,MV,2022-05-18 20:26:15,-0.6,73.0833,83.62,73,100,15.01
97,Meulaboh,ID,2022-05-18 20:26:16,4.1363,96.1285,76.87,86,98,3.11
98,Halifax,CA,2022-05-18 20:23:17,44.6453,-63.5724,57.69,53,40,18.41
99,Grants,US,2022-05-18 20:26:17,35.1473,-107.8514,82.63,7,0,5.75
100,Mackay,AU,2022-05-18 20:21:37,-21.15,149.2,70.81,85,28,12.68
101,Vidim,RU,2022-05-18 20:26:17,56.4088,103.1106,53.8,82,97,2.48
102,Strezhevoy,RU,2022-05-18 20:26:18,60.7333,77.5889,53.96,78,70,5.66
103,Bosaso,SO,2022-05-18 20:26:18,11.2842,49.1816,88.72,39,12,7.07
104,Kutum,SD,2022-05-18 20:26:18,14.2,24.6667,83.84,15,95,8.48
105,Phalodi,IN,2022-05-18 20:26:19,27.1333,72.3667,91.76,19,0,8.75
106,Luwuk,ID,2022-05-18 20:26:19,-0.9516,122.7875,76.89,91,99,3.91
107,Nouadhibou,MR,2022-05-18 20:26:20,20.931,-17.0347,67.98,83,96,20.71
108,Salamiyah,SY,2022-05-18 20:26:20,35.0113,37.0532,66.18,52,0,5.91
109,Northam,GB,2022-05-18 20:26:21,51.0333,-4.2167,53.38,93,100,9.98
110,Mahibadhoo,MV,2022-05-18 20:26:21,3.7833,72.9667,83.52,79,100,17.56
111,Mandalay,MM,2022-05-18 20:21:37,21.9747,96.0836,84.34,66,96,6.35
112,Whitehorse,CA,2022-05-18 20:26:22,60.7161,-135.0538,52.02,31,40,11.5
113,Ugoofaaru,MV,2022-05-18 20:26:22,5.6667,73.0,83.75,78,100,18.72
114,Zhovtneve,UA,2022-05-18 20:26:23,50.6637,24.2492,45.05,81,5,7.61
115,Jatai,BR,2022-05-18 20:24:42,-17.8814,-51.7144,62.98,29,100,9.42
116,Rapar,IN,2022-05-18 20:26:24,23.5667,70.6333,83.75,61,0,15.61
117,Sisimiut,GL,2022-05-18 20:26:24,66.9395,-53.6735,41.83,50,0,9.78
118,Coquimbo,CL,2022-05-18 20:26:25,-29.9533,-71.3436,58.73,77,0,17.27
119,Koumac,NC,2022-05-18 20:26:25,-20.5667,164.2833,74.12,78,0,5.39
120,Gull Lake,CA,2022-05-18 20:26:01,50.1001,-108.4847,59.45,34,93,7.34
121,Nantucket,US,2022-05-18 20:26:12,41.2835,-70.0995,66.34,51,0,18.41
122,Vygonichi,RU,2022-05-18 20:26:26,53.0985,34.0673,50.11,62,16,8.95
123,Nhulunbuy,AU,2022-05-18 20:26:26,-12.2333,136.7667,72.21,94,31,0.0
124,Laguna,US,2022-05-18 20:26:27,38.421,-121.4238,94.14,23,0,12.66
125,Port-Cartier,CA,2022-05-18 20:26:27,50.0334,-66.8654,48.74,45,90,17.11
126,New Norfolk,AU,2022-05-18 20:26:28,-42.7826,147.0587,50.92,63,97,1.99
127,Puerto Escondido,MX,2022-05-18 20:26:28,15.85,-97.0667,89.51,52,61,10.74
128,Tual,ID,2022-05-18 20:26:29,-5.6667,132.75,82.35,77,81,10.04
129,Reconquista,AR,2022-05-18 20:26:29,-29.15,-59.65,59.77,50,0,6.46
130,San Cristobal,VE,2022-05-18 20:26:29,7.7669,-72.225,77.18,64,100,5.91
131,Thompson,CA,2022-05-18 20:25:57,55.7435,-97.8558,50.16,29,20,14.97
132,Asfi,MA,2022-05-18 20:27:30,32.2994,-9.2372,68.07,82,0,18.03
133,Ranong,TH,2022-05-18 20:27:31,9.9658,98.6348,76.96,89,100,3.85
134,Elizabeth City,US,2022-05-18 20:27:31,36.2946,-76.2511,78.03,51,0,10.36
135,Nikolskoye,RU,2022-05-18 20:27:32,59.7035,30.7861,48.09,84,94,5.32
136,Marrakesh,MA,2022-05-18 20:27:32,31.6315,-8.0083,82.47,44,0,8.05
137,Ashington,GB,2022-05-18 20:27:32,50.9331,-0.3909,63.84,82,99,7.14
138,Bongor,TD,2022-05-18 20:27:33,10.2806,15.3722,81.36,60,93,2.82
139,Ilulissat,GL,2022-05-18 20:27:33,69.2167,-51.1,32.02,80,0,5.75
140,Ivanteyevka,RU,2022-05-18 20:27:34,55.9711,37.9208,49.66,79,77,7.78
141,Palos Verdes Estates,US,2022-05-18 20:27:34,33.8006,-118.3901,79.29,75,20,11.5
142,Sawakin,SD,2022-05-18 20:27:35,19.1059,37.3321,83.89,56,6,9.28
143,Leshan,CN,2022-05-18 20:27:35,29.5623,103.7639,59.04,97,100,1.57
144,Kurandvad,IN,2022-05-18 20:27:35,16.6833,74.5833,77.76,73,100,11.14
145,Faanui,PF,2022-05-18 20:27:36,-16.4833,-151.75,80.69,72,97,11.52
146,Hermanus,ZA,2022-05-18 20:27:36,-34.4187,19.2345,59.81,88,93,18.3
147,Luderitz,NA,2022-05-18 20:27:37,-26.6481,15.1594,63.79,71,80,4.94
148,Torbay,CA,2022-05-18 20:27:37,47.6666,-52.7314,59.77,89,75,14.97
149,Taksimo,RU,2022-05-18 20:27:38,56.3444,114.8794,50.13,73,98,4.18
150,Cherskiy,RU,2022-05-18 20:27:38,68.75,161.3,40.53,90,100,4.07
151,Airai,TL,2022-05-18 20:27:39,-8.9266,125.4092,58.39,92,57,2.93
152,Mnogovershinnyy,RU,2022-05-18 20:27:39,53.9353,139.9242,31.66,94,97,4.54
153,Otane,NZ,2022-05-18 20:27:40,-39.8833,176.6333,64.0,87,0,2.53
154,Carnarvon,AU,2022-05-18 20:27:40,-24.8667,113.6333,69.15,68,24,6.46
155,Souillac,MU,2022-05-18 20:27:41,-20.5167,57.5167,75.58,69,75,9.22
156,Port Keats,AU,2022-05-18 20:27:41,-14.25,129.55,72.7,78,0,5.19
157,Suntar,RU,2022-05-18 20:27:42,62.1444,117.6319,43.32,74,100,9.28
158,Brae,GB,2022-05-18 20:27:42,60.3964,-1.353,50.36,81,41,7.0
159,Muros,ES,2022-05-18 20:27:42,42.7762,-9.0603,61.09,83,19,1.34
160,Baijiantan,CN,2022-05-18 20:27:43,45.6333,85.1833,76.03,22,79,1.61
161,Chapais,CA,2022-05-18 20:27:43,49.7834,-74.8492,47.98,42,100,10.2
162,Duki,PK,2022-05-18 20:27:44,30.1541,68.5728,82.26,12,0,7.94
163,The Valley,AI,2022-05-18 20:27:44,18.217,-63.0578,85.86,78,20,11.5
164,Avarua,CK,2022-05-18 20:27:45,-21.2078,-159.775,77.68,79,37,15.46
165,Salalah,OM,2022-05-18 20:27:45,17.0151,54.0924,82.49,83,20,3.44
166,Bengkulu,ID,2022-05-18 20:27:46,-3.8004,102.2655,75.63,89,4,3.6
167,Port Elizabeth,ZA,2022-05-18 20:27:46,-33.918,25.5701,71.89,66,0,21.85
168,Poum,NC,2022-05-18 20:27:46,-20.2333,164.0167,77.22,75,2,7.78
169,Sokoto,NG,2022-05-18 20:27:47,13.0609,5.239,93.2,7,12,8.28
170,Esperance,AU,2022-05-18 20:27:47,-33.8667,121.9,59.61,89,77,7.23
171,Cabo San Lucas,MX,2022-05-18 20:27:16,22.8909,-109.9124,88.11,32,0,10.36
172,Magadan,RU,2022-05-18 20:27:48,59.5667,150.8,36.54,85,100,9.51
173,Kirakira,SB,2022-05-18 20:27:48,-10.4544,161.9205,79.34,80,2,2.06
174,Lorengau,PG,2022-05-18 20:27:49,-2.0226,147.2712,82.09,76,11,4.79
175,Vostok,RU,2022-05-18 20:28:49,46.4856,135.8833,38.03,64,6,5.01
176,Shuyskoye,RU,2022-05-18 20:28:49,59.3736,41.0305,35.78,97,90,4.72
177,Port Lincoln,AU,2022-05-18 20:28:50,-34.7333,135.8667,55.83,71,3,11.59
178,Komsomolskiy,UZ,2022-05-18 20:28:50,40.4272,71.7189,70.52,46,40,4.61
179,Husavik,IS,2022-05-18 20:28:51,66.0449,-17.3389,41.63,97,100,8.48
180,Chake Chake,TZ,2022-05-18 20:28:51,-5.2459,39.7666,76.62,81,44,9.57
181,Huancavelica,PE,2022-05-18 20:28:52,-12.7667,-74.9833,44.96,70,100,1.74
182,Morant Bay,JM,2022-05-18 20:28:52,17.8815,-76.4093,87.71,74,100,10.2
183,Kodiak,US,2022-05-18 20:28:52,57.79,-152.4072,60.31,29,0,13.8
184,Hailar,CN,2022-05-18 20:28:53,49.2,119.7,47.89,85,8,7.31
185,Itarantim,BR,2022-05-18 20:28:53,-15.6597,-40.0656,80.47,61,81,3.38
186,Vysokaya Gora,RU,2022-05-18 20:28:54,55.9128,49.3017,44.78,85,83,4.9
187,Pierre,US,2022-05-18 20:25:00,44.3683,-100.351,77.92,45,75,19.57
188,Cidreira,BR,2022-05-18 20:28:55,-30.1811,-50.2056,60.58,80,100,24.07
189,Port Blair,IN,2022-05-18 20:28:55,11.6667,92.75,80.46,86,100,20.11
190,Bandarbeyla,SO,2022-05-18 20:28:56,9.4942,50.8122,82.38,73,72,23.15
191,Longyearbyen,SJ,2022-05-18 20:28:56,78.2186,15.6401,26.44,80,75,11.5
192,Luena,AO,2022-05-18 20:28:57,-11.7833,19.9167,60.19,62,12,3.22
193,Port Hardy,CA,2022-05-18 20:28:57,50.6996,-127.4199,46.58,87,100,10.36
194,Eureka,US,2022-05-18 20:28:58,40.8021,-124.1637,77.74,56,100,7.0
195,Nome,US,2022-05-18 20:28:58,64.5011,-165.4064,35.17,86,100,7.49
196,Kropotkin,RU,2022-05-18 20:28:59,45.4375,40.5756,55.22,90,79,0.29
197,Hilo,US,2022-05-18 20:28:00,19.7297,-155.09,90.28,69,100,13.8
198,Magnolia,US,2022-05-18 20:29:00,33.2671,-93.2393,83.89,43,100,8.79
199,Laredo,US,2022-05-18 20:29:00,27.5064,-99.5075,100.69,25,0,17.27
200,Abnub,EG,2022-05-18 20:29:01,27.2696,31.1511,82.78,18,0,11.86
201,Avera,US,2022-05-18 20:29:01,33.194,-82.5271,92.37,27,0,7.23
202,Odweyne,SO,2022-05-18 20:29:01,9.4092,45.064,78.67,50,87,16.69
203,Camacari,BR,2022-05-18 20:26:36,-12.6975,-38.3242,83.97,87,56,8.57
204,Tha Maka,TH,2022-05-18 20:29:02,13.9,99.7667,76.64,92,100,6.22
205,Sampit,ID,2022-05-18 20:29:03,-2.5333,112.95,74.26,97,50,1.86
206,Orlik,RU,2022-05-18 20:29:03,52.5178,99.825,49.57,48,13,1.54
207,Saint Anthony,US,2022-05-18 20:29:04,45.0205,-93.218,74.93,55,0,11.5
208,Sambava,MG,2022-05-18 20:29:04,-14.2667,50.1667,71.06,85,33,10.94
209,Pacific Grove,US,2022-05-18 20:28:30,36.6177,-121.9166,78.35,67,0,11.01
210,Mahebourg,MU,2022-05-18 20:29:05,-20.4081,57.7,75.49,69,75,9.22
211,Corinto,GR,2022-05-18 20:29:06,37.9407,22.9573,70.9,83,100,6.35
212,Viedma,AR,2022-05-18 20:29:06,-40.8135,-62.9967,54.18,38,100,13.2
213,Talnakh,RU,2022-05-18 20:29:07,69.4865,88.3972,33.21,97,100,5.12
214,Acari,PE,2022-05-18 20:29:07,-15.4311,-74.6158,76.14,50,9,8.5
215,Tempio Pausania,IT,2022-05-18 20:29:08,40.8974,9.1035,59.92,60,2,3.89
216,Arica,CL,2022-05-18 20:29:08,-18.475,-70.3042,72.95,63,0,11.5
217,Ylivieska,FI,2022-05-18 20:29:09,64.0833,24.55,44.89,81,100,1.41
218,Ahuimanu,US,2022-05-18 20:29:09,21.4447,-157.8378,80.31,75,75,12.66
219,Junin,AR,2022-05-18 20:30:10,-34.5838,-60.9433,51.6,48,0,3.65
220,Imeni Poliny Osipenko,RU,2022-05-18 20:30:10,52.4201,136.4853,39.36,86,100,2.42
221,Saldanha,ZA,2022-05-18 20:30:11,-33.0117,17.9442,59.05,77,100,12.55
222,Odienne,CI,2022-05-18 20:30:12,9.51,-7.5692,81.16,64,81,7.31
223,Leningradskiy,RU,2022-05-18 20:30:12,69.3833,178.4167,34.41,99,100,2.01
224,Hamilton,US,2022-05-18 20:28:05,39.1834,-84.5333,75.83,72,75,4.61
225,Borovichi,RU,2022-05-18 20:30:13,58.3878,33.9155,43.11,75,98,5.53
226,Piranshahr,IR,2022-05-18 20:30:14,36.701,45.1413,53.44,53,2,4.56
227,Neiafu,TO,2022-05-18 20:30:14,-18.65,-173.9833,79.48,73,100,9.22
228,Dingle,PH,2022-05-18 20:30:15,10.9995,122.6711,77.13,89,96,3.24
229,Moses Lake,US,2022-05-18 20:30:15,47.1301,-119.2781,70.48,37,75,11.5
230,Fomboni,KM,2022-05-18 20:30:16,-12.28,43.7425,81.12,72,7,9.42
231,Ribeira Grande,PT,2022-05-18 20:30:16,38.5167,-28.7,61.2,94,75,8.05
232,Areosa,PT,2022-05-18 20:30:16,41.7178,-8.8571,57.07,86,3,6.8
233,Fairbanks,US,2022-05-18 20:30:17,64.8378,-147.7164,57.49,44,40,5.75
234,Marfino,RU,2022-05-18 20:30:17,55.7028,37.3822,49.91,49,0,8.95
235,Fortuna,US,2022-05-18 20:30:18,40.5982,-124.1573,69.93,57,20,14.97
236,Narsaq,GL,2022-05-18 20:30:19,60.9167,-46.05,53.82,76,36,4.81
237,Huejuquilla El Alto,MX,2022-05-18 20:30:19,22.6,-103.8667,90.32,13,95,12.95
238,Didsbury,GB,2022-05-18 20:28:31,53.417,-2.2315,60.57,79,100,11.01
239,Lavrentiya,RU,2022-05-18 20:30:20,65.5833,-171.0,34.14,99,51,7.27
240,Tasiilaq,GL,2022-05-18 20:30:20,65.6145,-37.6368,37.56,95,100,1.43
241,Naze,JP,2022-05-18 20:30:21,28.3667,129.4833,70.72,81,100,13.29
242,Sarkand,KZ,2022-05-18 20:30:21,45.41,79.9186,64.04,49,73,5.79
243,Veraval,IN,2022-05-18 20:30:22,20.9,70.3667,82.0,75,0,12.1
244,Venustiano Carranza,MX,2022-05-18 20:30:22,19.43,-99.0992,82.38,13,20,6.91
245,Mopipi,BW,2022-05-18 20:30:23,-21.1833,24.8833,62.98,51,38,6.29
246,Touros,BR,2022-05-18 20:30:23,-5.1989,-35.4608,79.27,85,8,7.63
247,Saint-Raymond,CA,2022-05-18 20:30:09,45.467,-73.6095,64.81,38,20,21.85
248,Kysyl-Syr,RU,2022-05-18 20:30:24,63.8986,122.7617,38.61,79,4,7.0
249,Qaqortoq,GL,2022-05-18 20:30:24,60.7167,-46.0333,37.04,83,63,6.8
250,Marica,BR,2022-05-18 20:28:16,-22.9194,-42.8186,71.51,52,0,12.46
251,Coos Bay,US,2022-05-18 20:30:25,43.3665,-124.2179,61.0,96,100,14.97
252,Boyolangu,ID,2022-05-18 20:30:26,-8.1181,111.8935,75.69,92,100,2.06
253,Dunedin,NZ,2022-05-18 20:30:03,-45.8742,170.5036,56.8,54,100,3.0
254,Juegang,CN,2022-05-18 20:30:26,32.3174,121.1855,66.94,62,100,8.79
255,Oshikango,NA,2022-05-18 20:30:27,-17.4,15.8833,63.97,35,0,7.07
256,Minjur,IN,2022-05-18 20:30:27,13.2667,80.2667,86.02,72,100,15.3
257,Pisco,PE,2022-05-18 20:27:17,-13.7,-76.2167,69.85,68,20,11.5
258,Sao Jose Da Coroa Grande,BR,2022-05-18 20:30:28,-8.8978,-35.1478,79.21,83,41,9.78
259,Yumen,CN,2022-05-18 20:30:28,40.2833,97.2,61.32,34,60,3.2
260,Chifeng,CN,2022-05-18 20:30:29,42.2683,118.9636,59.81,32,2,7.2
261,Chimala,TZ,2022-05-18 20:30:29,-8.85,34.0167,60.46,82,80,3.65
262,Shache,CN,2022-05-18 20:30:30,38.4167,77.2406,71.15,19,84,6.87
263,Terrace,CA,2022-05-18 20:30:30,54.5163,-128.6035,55.31,50,100,3.44
264,Chara,RU,2022-05-18 20:30:31,56.9064,118.2631,44.13,92,100,1.19
265,Sinnamary,GF,2022-05-18 20:31:31,5.3833,-52.95,80.19,81,95,9.4
266,Stephenville,US,2022-05-18 20:31:32,32.2207,-98.2023,99.77,18,0,17.27
267,Srednekolymsk,RU,2022-05-18 20:31:32,67.45,153.6833,42.01,74,34,6.62
268,Hambantota,LK,2022-05-18 20:31:33,6.1241,81.1185,80.29,83,6,19.77
269,San Isidro,PE,2022-05-18 20:31:33,-12.1167,-77.05,69.39,64,0,10.36
270,Samarai,PG,2022-05-18 20:31:33,-10.6167,150.6667,81.43,76,25,8.1
271,Klaksvik,FO,2022-05-18 20:31:34,62.2266,-6.589,49.12,93,64,17.67
272,Amapa,BR,2022-05-18 20:31:34,1.0,-52.0,73.44,99,100,2.53
273,Ust-Barguzin,RU,2022-05-18 20:31:35,53.45,108.9833,45.01,72,40,1.99
274,Jesus Carranza,MX,2022-05-18 20:31:35,17.4333,-95.0333,104.74,18,83,6.51
275,Luanda,AO,2022-05-18 20:28:15,-8.8368,13.2343,75.27,86,0,9.01
276,Ostrovnoy,RU,2022-05-18 20:31:36,68.0531,39.5131,32.34,91,100,10.18
277,Grand Gaube,MU,2022-05-18 20:31:36,-20.0064,57.6608,75.6,76,50,1.99
278,Panaba,MX,2022-05-18 20:31:37,21.2833,-88.2667,91.29,41,86,19.22
279,La Sarre,CA,2022-05-18 20:31:37,48.8002,-79.1996,58.82,37,96,9.44
280,Copiapo,CL,2022-05-18 20:26:43,-27.3667,-70.3333,56.89,37,0,8.88
281,Chuy,UY,2022-05-18 20:31:38,-33.6971,-53.4616,55.67,79,33,13.51
282,Nouakchott,MR,2022-05-18 20:31:38,18.0858,-15.9785,75.13,55,95,18.63
283,Ancud,CL,2022-05-18 20:31:39,-41.8697,-73.8203,52.12,70,100,0.83
284,Mount Gambier,AU,2022-05-18 20:31:39,-37.8333,140.7667,47.35,88,32,1.81
285,Cikupa,ID,2022-05-18 20:31:39,-6.2364,106.5083,79.36,87,61,2.98
286,Zhigansk,RU,2022-05-18 20:31:40,66.7697,123.3711,30.61,97,96,12.46
287,Kruisfontein,ZA,2022-05-18 20:31:40,-34.0033,24.7314,68.88,73,36,6.4
288,Tazovskiy,RU,2022-05-18 20:31:41,67.4667,78.7,28.11,89,24,3.38
289,Bocanda,CI,2022-05-18 20:31:41,7.0626,-4.4995,77.97,85,28,7.72
290,Saint George,US,2022-05-18 20:31:42,37.1041,-113.5841,95.79,15,0,8.05
291,Mbini,GQ,2022-05-18 20:31:42,1.574,9.6134,78.8,87,88,7.76
292,Lata,PT,2022-05-18 20:31:43,40.1629,-8.3327,63.91,82,8,2.95
293,Madimba,TZ,2022-05-18 20:31:43,-10.4,40.3333,72.64,92,8,8.9
294,Shihezi,CN,2022-05-18 20:31:44,44.3,86.0333,71.73,25,10,5.77
295,Union City,US,2022-05-18 20:31:35,37.5958,-122.0192,94.33,32,0,8.05
296,Port Hedland,AU,2022-05-18 20:31:44,-20.3167,118.5667,68.05,100,12,4.61
297,Weatherford,US,2022-05-18 20:28:33,32.7593,-97.7972,99.79,29,53,3.0
298,Gambela,ET,2022-05-18 20:31:45,8.25,34.5833,74.46,81,89,3.96
299,Suphan Buri,TH,2022-05-18 20:31:45,14.4742,100.1222,76.96,90,100,6.96
300,Isangel,VU,2022-05-18 20:31:46,-19.55,169.2667,77.92,85,98,18.75
301,Tuatapere,NZ,2022-05-18 20:31:46,-46.1333,167.6833,47.03,94,54,5.19
302,Norman Wells,CA,2022-05-18 20:29:08,65.282,-126.8329,37.44,93,100,12.66
303,Nyurba,RU,2022-05-18 20:31:47,63.2842,118.3319,44.04,71,100,9.91
304,Bathsheba,BB,2022-05-18 20:31:47,13.2167,-59.5167,84.81,74,20,16.11
305,Georgetown,MY,2022-05-18 20:31:48,5.4112,100.3354,80.55,94,20,3.44
306,Nishihara,JP,2022-05-18 20:31:48,26.1842,127.7558,70.88,83,75,3.44
307,Porto Novo,BJ,2022-05-18 20:31:49,6.4965,2.6036,84.02,82,99,8.99
308,Pevek,RU,2022-05-18 20:31:49,69.7008,170.3133,32.65,99,100,2.44
309,Liku,ID,2022-05-18 20:31:50,-0.7275,119.8922,75.36,88,76,3.27
310,Harper,LR,2022-05-18 20:31:50,4.375,-7.7169,78.66,86,59,9.53
311,Coihaique,CL,2022-05-18 20:31:51,-45.5752,-72.0662,48.81,65,0,3.44
312,Yamada,JP,2022-05-18 20:32:51,39.4667,141.95,57.51,61,0,5.21
313,Japura,ID,2022-05-18 20:32:52,-0.3167,102.35,75.97,91,45,1.97
314,Myitkyina,MM,2022-05-18 20:32:52,25.3833,97.4,69.58,99,26,2.51
315,Provideniya,RU,2022-05-18 20:32:53,64.3833,-173.3,42.06,78,100,7.29
316,Siteki,SZ,2022-05-18 20:32:53,-26.45,31.95,66.2,100,41,6.91
317,Saginaw,US,2022-05-18 20:32:53,43.3334,-84.0333,54.25,87,100,6.91
318,Beringovskiy,RU,2022-05-18 20:32:54,63.05,179.3167,39.36,82,100,7.02
319,Kholmogory,RU,2022-05-18 20:32:54,64.2229,41.656,30.94,95,93,4.5
320,Ucar,AZ,2022-05-18 20:32:55,40.519,47.6542,59.18,66,0,7.02
321,Washougal,US,2022-05-18 20:28:43,45.5826,-122.3534,58.78,84,75,16.11
322,Oyonnax,FR,2022-05-18 20:32:55,46.2592,5.6573,68.32,87,99,4.21
323,Maragogi,BR,2022-05-18 20:32:56,-9.0122,-35.2225,78.64,85,39,9.82
324,Tutoia,BR,2022-05-18 20:32:56,-2.7619,-42.2744,80.15,80,99,8.57
325,Bilibino,RU,2022-05-18 20:32:20,68.0546,166.4372,35.62,100,100,1.39
326,Aguada De Pasajeros,CU,2022-05-18 20:32:57,22.385,-80.8508,87.33,53,73,5.7
327,Manaure,CO,2022-05-18 20:32:57,11.7751,-72.4445,86.88,62,100,14.56
328,Hay River,CA,2022-05-18 20:32:58,60.8156,-115.7999,35.58,93,100,9.22
329,Ilhabela,BR,2022-05-18 20:30:26,-23.7781,-45.3581,61.07,59,17,12.75
330,Uvat,RU,2022-05-18 20:32:11,59.1433,68.8953,48.04,93,16,5.57
331,Golubitskaya,RU,2022-05-18 20:32:58,45.3222,37.2822,54.01,72,99,15.37
332,Burns Lake,CA,2022-05-18 20:30:08,54.2331,-125.7533,43.84,76,100,3.04
333,Iqaluit,CA,2022-05-18 20:32:59,63.7506,-68.5145,28.13,86,100,8.05
334,El Balsamo,HN,2022-05-18 20:33:00,15.0667,-87.4667,88.59,33,70,5.32
335,Kainantu,PG,2022-05-18 20:33:00,-6.2887,145.8655,61.2,94,76,2.21
336,Shenzhen,CN,2022-05-18 20:33:01,22.5455,114.0683,78.08,72,100,3.53
337,Kaspiyskiy,RU,2022-05-18 20:33:01,45.3929,47.3707,62.35,72,65,14.16
338,Namatanai,PG,2022-05-18 20:33:02,-3.6667,152.4333,80.22,81,5,5.26
339,Athabasca,CA,2022-05-18 20:33:02,54.7169,-113.2854,57.61,38,100,6.53
340,Sojitra,IN,2022-05-18 20:33:03,22.55,72.7167,84.83,46,0,5.5
341,Zemio,CF,2022-05-18 20:33:03,5.0314,25.1361,67.66,94,99,3.47
342,Victor Harbor,AU,2022-05-18 20:33:03,-35.5667,138.6167,50.68,78,59,7.38
343,Ayacucho,PE,2022-05-18 20:33:04,-13.1583,-74.2239,75.06,27,40,6.91
344,Kirensk,RU,2022-05-18 20:33:04,57.7853,108.1119,53.94,92,100,4.85
345,Guerrero Negro,MX,2022-05-18 20:33:05,27.9769,-114.0611,69.35,53,0,14.41
346,Nadym,RU,2022-05-18 20:33:05,65.5333,72.5167,42.57,75,99,9.37
347,Sistranda,NO,2022-05-18 20:33:06,63.7256,8.834,49.96,91,14,4.85
348,Luba,GQ,2022-05-18 20:33:06,3.4568,8.5547,80.49,83,93,7.78
349,Gizo,SB,2022-05-18 20:33:07,-8.103,156.8419,83.19,72,1,6.11
350,Taltal,CL,2022-05-18 20:30:20,-25.4,-70.4833,59.58,80,24,4.59
351,Quelimane,MZ,2022-05-18 20:33:08,-17.8786,36.8883,73.35,88,20,2.3
352,Bay Roberts,CA,2022-05-18 20:33:08,47.5999,-53.2648,62.65,74,35,7.54
353,Camacha,PT,2022-05-18 20:33:09,33.0833,-16.3333,62.02,94,75,5.75
354,Pangkalanbuun,ID,2022-05-18 20:33:09,-2.6833,111.6167,75.09,96,54,1.72
355,Astana,KZ,2022-05-18 20:33:10,51.1801,71.446,51.75,93,0,6.71
356,Roanoke,US,2022-05-18 20:30:50,37.271,-79.9414,84.34,48,75,9.22
357,Canaries,ES,2022-05-18 20:33:10,28.0,-15.5,66.4,73,20,21.85
358,Khuzhir,RU,2022-05-18 20:33:11,53.1939,107.3397,46.18,70,46,6.4
359,Lerwick,GB,2022-05-18 20:34:11,60.1545,-1.1494,51.8,88,77,11.99
360,Saint-Doulchard,FR,2022-05-18 20:34:12,47.1037,2.352,75.58,65,84,12.33
361,Tavricheskoye,RU,2022-05-18 20:34:12,54.5851,73.6395,53.51,95,68,7.47
362,Lubao,PH,2022-05-18 20:34:12,14.9167,120.55,80.31,91,100,2.84
363,Genova,IT,2022-05-18 20:30:05,44.5,9.0667,66.29,75,46,5.99
364,Axim,GH,2022-05-18 20:34:13,4.8699,-2.2405,80.92,83,65,9.57
365,Shellbrook,CA,2022-05-18 20:34:13,53.2168,-106.4011,60.03,83,99,4.9
366,Gat,IL,2022-05-18 20:34:14,31.61,34.7642,71.4,73,1,3.02
367,Yatou,CN,2022-05-18 20:34:14,37.15,122.3833,59.25,60,100,0.87
368,Domoni,KM,2022-05-18 20:34:15,-12.2569,44.5319,77.59,81,10,4.52
369,Palmas De Monte Alto,BR,2022-05-18 20:34:15,-14.2672,-43.1619,77.34,43,9,4.23
370,Cockburn Town,TC,2022-05-18 20:34:16,21.4612,-71.1419,81.0,82,27,11.03
371,Codrington,AU,2022-05-18 20:34:16,-38.2667,141.9667,53.13,72,61,11.43
372,Kerouane,GN,2022-05-18 20:34:17,9.2667,-9.0167,72.66,91,100,7.4
373,Mega,ET,2022-05-18 20:34:17,4.05,38.3,58.23,77,99,5.7
374,Ust-Uda,RU,2022-05-18 20:33:15,54.1742,103.0304,56.71,55,86,1.45
375,Sarankhola,BD,2022-05-18 20:34:18,22.3082,89.7897,81.99,87,16,5.53
376,Plettenberg Bay,ZA,2022-05-18 20:34:18,-34.0527,23.3716,64.45,71,100,2.19
377,Warwick,US,2022-05-18 20:34:19,41.7001,-71.4162,76.06,25,75,9.22
378,Kuryk,KZ,2022-05-18 20:34:20,43.2,51.65,65.75,50,3,2.95
379,San Juan,AR,2022-05-18 20:30:37,-31.5375,-68.5364,63.46,23,0,6.15
380,Kumluca,TR,2022-05-18 20:34:20,36.3703,30.2869,68.72,77,1,3.36
381,Lincoln Village,US,2022-05-18 20:34:21,39.9548,-83.1307,71.44,62,100,5.75
382,Maniitsoq,GL,2022-05-18 20:34:21,65.4167,-52.9,37.72,68,1,3.18
383,Altay,CN,2022-05-18 20:34:22,47.8667,88.1167,60.6,32,1,6.78
384,Estevan,CA,2022-05-18 20:34:22,49.1334,-102.9842,57.54,62,100,23.02
385,Buraydah,SA,2022-05-18 20:34:23,26.326,43.975,91.85,11,0,8.97
386,Karratha,AU,2022-05-18 20:34:23,-20.7377,116.8463,71.26,87,0,8.57
387,Rawson,AR,2022-05-18 20:34:24,-43.3002,-65.1023,61.09,20,45,20.38
388,San Juan De Uraba,CO,2022-05-18 20:34:24,8.7592,-76.5297,84.65,73,100,7.63
389,Charleville,AU,2022-05-18 20:34:25,-26.4,146.25,50.79,74,69,11.3
390,Vardo,NO,2022-05-18 20:34:25,70.3705,31.1107,33.78,75,75,24.16
391,Mareeba,AU,2022-05-18 20:34:26,-17.0,145.4333,68.43,91,1,2.71
392,Kapuskasing,CA,2022-05-18 20:34:26,49.4169,-82.4331,62.69,31,75,9.22
393,Norrkoping,SE,2022-05-18 20:31:43,58.5942,16.1826,63.59,48,75,4.61
394,Ketchikan,US,2022-05-18 20:34:27,55.3422,-131.6461,52.27,71,100,13.8
395,Rio Gallegos,AR,2022-05-18 20:34:27,-51.6226,-69.2181,44.65,81,0,3.44
396,Mangaluru,IN,2022-05-18 20:30:10,12.8667,74.8833,76.06,94,100,6.91
397,Constitucion,CL,2022-05-18 20:34:28,-35.3333,-72.4167,52.86,83,92,4.41
398,Namibe,AO,2022-05-18 20:34:29,-15.1961,12.1522,69.66,75,0,10.33
399,Polovinnoye,RU,2022-05-18 20:34:29,54.7914,65.9864,49.96,77,77,13.27
400,Vila Franca Do Campo,PT,2022-05-18 20:34:29,37.7167,-25.4333,61.2,94,100,20.8
401,Elbistan,TR,2022-05-18 20:34:30,38.2059,37.1983,61.16,57,6,3.31
402,Chebenki,RU,2022-05-18 20:34:30,51.9337,55.7077,49.78,91,24,12.28
403,Thinadhoo,MV,2022-05-18 20:34:31,0.5333,72.9333,83.41,75,100,15.41
404,Rabaul,PG,2022-05-18 20:34:31,-4.1967,152.1721,80.06,79,15,7.99
405,Bad Bevensen,DE,2022-05-18 20:34:32,53.0833,10.5833,72.05,88,64,6.04
406,Voyvozh,RU,2022-05-18 20:35:32,62.892,54.9635,29.17,88,94,5.14
407,Cap-Aux-Meules,CA,2022-05-18 20:33:02,47.3821,-61.8597,48.25,71,100,21.85
408,Ngunguru,NZ,2022-05-18 20:35:33,-35.6167,174.5,64.11,92,100,14.0
409,Karabuk,TR,2022-05-18 20:35:33,41.2049,32.6277,52.07,95,100,5.06
410,Gamba,GA,2022-05-18 20:35:33,-2.65,10.0,77.77,84,97,8.46
411,Surgut,RU,2022-05-18 20:35:34,61.25,73.4167,53.78,87,0,8.99
412,Maryborough,AU,2022-05-18 20:35:35,-25.5333,152.7,66.11,96,96,5.28
413,Kapoeta,SS,2022-05-18 20:35:35,4.7717,33.5903,83.1,38,100,9.64
414,Bialogard,PL,2022-05-18 20:35:36,54.007,15.9875,56.12,51,72,8.48
415,Sikeston,US,2022-05-18 20:35:36,36.8767,-89.5879,87.73,51,0,11.5
416,Ostashkov,RU,2022-05-18 20:35:36,57.1467,33.1075,43.09,73,40,7.81
417,Witu,KE,2022-05-18 20:35:37,-2.3889,40.4382,78.96,80,42,11.5
418,Khatanga,RU,2022-05-18 20:35:37,71.9667,102.5,33.64,90,100,10.27
419,Vestmannaeyjar,IS,2022-05-18 20:35:38,63.4427,-20.2734,46.45,89,100,15.28
420,Kloulklubed,PW,2022-05-18 20:35:39,7.0419,134.2556,82.36,77,100,15.61
421,Kaka,TM,2022-05-18 20:35:39,37.3482,59.6143,70.36,59,57,6.62
422,Visnes,NO,2022-05-18 20:35:40,59.3556,5.2242,51.85,82,0,8.05
423,Andros Town,BS,2022-05-18 20:35:40,24.7,-77.7667,84.16,65,27,7.27
424,Butterworth,MY,2022-05-18 20:35:41,5.3991,100.3638,80.65,94,20,3.44
425,Boksitogorsk,RU,2022-05-18 20:35:42,59.474,33.8485,36.61,92,100,5.17
426,Sundsvall,SE,2022-05-18 20:35:42,62.3913,17.3063,48.16,66,0,3.44
427,Curup,ID,2022-05-18 20:35:42,-3.4667,102.5333,66.87,98,16,1.36
428,Pinsk,BY,2022-05-18 20:35:43,52.1229,26.0951,43.92,82,8,7.47
429,Payo,ID,2022-05-18 20:35:44,-3.7508,103.6372,71.98,97,6,1.52
430,Alegrete,BR,2022-05-18 20:35:44,-29.7831,-55.7919,55.42,72,86,12.64
431,College,US,2022-05-18 20:35:44,64.8569,-147.8028,57.47,44,75,5.75
432,Vung Tau,VN,2022-05-18 20:35:45,10.346,107.0843,81.39,81,94,6.26
433,Flinders,AU,2022-05-18 20:35:45,-34.5833,150.8552,49.05,78,0,1.99
434,Xining,CN,2022-05-18 20:35:46,36.6167,101.7667,49.89,70,100,2.08
435,Misratah,LY,2022-05-18 20:35:46,32.3754,15.0925,70.83,57,1,6.06
436,Erdaojiang,CN,2022-05-18 20:35:46,41.7764,126.0319,47.77,84,5,2.86
437,Inongo,CD,2022-05-18 20:35:47,-1.95,18.2667,72.81,91,50,3.65
438,Kaitangata,NZ,2022-05-18 20:35:47,-46.2817,169.8464,47.25,90,98,4.5
439,Emerald,AU,2022-05-18 20:35:48,-23.5333,148.1667,57.34,71,67,13.94
440,Farafangana,MG,2022-05-18 20:35:48,-22.8167,47.8333,70.9,68,90,2.35
441,Kembe,CF,2022-05-18 20:35:49,4.6228,21.8865,70.74,95,100,0.67
442,Ayame,CI,2022-05-18 20:35:49,5.6083,-3.1563,76.57,92,100,4.14
443,Kautokeino,NO,2022-05-18 20:35:50,69.0125,23.0412,19.9,90,8,4.05
444,Warri,NG,2022-05-18 20:35:50,5.5167,5.75,77.18,93,100,4.23
445,Fountain Hills,US,2022-05-18 20:35:51,33.6117,-111.7174,99.54,7,0,8.05
446,Mikhaylovka,RU,2022-05-18 20:35:51,50.06,43.2379,53.71,85,100,3.8
447,Stavrovo,RU,2022-05-18 20:35:51,56.1331,40.013,39.4,92,89,9.04
448,Baghdad,IQ,2022-05-18 20:34:49,33.3406,44.4009,85.35,16,0,7.7
449,Machachi,EC,2022-05-18 20:35:52,-0.5,-78.5667,59.76,96,100,0.74
450,Ariquemes,BR,2022-05-18 20:35:52,-9.9133,-63.0408,69.87,57,85,5.86
451,Kudahuvadhoo,MV,2022-05-18 20:36:53,2.6708,72.8944,82.94,78,100,17.38
452,Shaunavon,CA,2022-05-18 20:36:53,49.6501,-108.4181,62.38,30,97,12.55
453,Pindiga,NG,2022-05-18 20:36:54,9.9833,10.9333,81.01,59,38,5.48
454,Asau,RO,2022-05-18 20:36:54,46.4333,26.4,51.28,69,58,5.12
455,Cabra,ES,2022-05-18 20:36:55,37.4725,-4.4421,73.44,42,99,5.73
456,Cururupu,BR,2022-05-18 20:36:55,-1.8283,-44.8683,79.61,83,95,4.34
457,Bintulu,MY,2022-05-18 20:36:56,3.1667,113.0333,77.41,94,40,3.44
458,Cervo,ES,2022-05-18 20:36:56,43.6702,-7.4101,60.96,82,77,4.81
459,Ouesso,CG,2022-05-18 20:36:57,1.6136,16.0517,72.68,94,100,1.99
460,Raga,SS,2022-05-18 20:36:57,8.4596,25.678,79.61,59,100,4.27
461,Lamu,KE,2022-05-18 20:36:58,-2.2717,40.902,79.02,81,84,12.12
462,Tura,IN,2022-05-18 20:36:58,25.5198,90.2201,67.23,93,63,5.1
463,Honiara,SB,2022-05-18 20:36:58,-9.4333,159.95,81.19,75,0,2.15
464,Wheatley,GB,2022-05-18 20:36:59,51.7473,-1.1394,59.76,88,100,6.91
465,Padang,ID,2022-05-18 20:36:59,-0.9492,100.3543,75.87,74,58,4.03
466,Snezhnogorsk,RU,2022-05-18 20:37:00,69.1933,33.2531,31.78,96,100,21.23
467,Zhumadian,CN,2022-05-18 20:37:00,32.9794,114.0294,63.57,65,100,9.28
468,Pahrump,US,2022-05-18 20:37:01,36.2083,-115.9839,95.45,9,0,5.99
469,Manado,ID,2022-05-18 20:37:01,1.487,124.8455,74.17,100,40,2.3
470,Selfoss,IS,2022-05-18 20:37:02,63.9331,-20.9971,49.05,91,100,7.61
471,Scarborough,GB,2022-05-18 20:37:03,54.2797,-0.4044,57.33,84,100,5.01
472,Sola,VU,2022-05-18 20:37:03,-13.8833,167.55,80.62,77,38,9.6
473,Kadhan,PK,2022-05-18 20:37:04,24.481,68.9859,83.37,66,0,14.74
474,Trinidad,BO,2022-05-18 20:37:04,-14.8333,-64.9,75.18,35,100,11.5
475,Mandalgovi,MN,2022-05-18 20:37:04,45.7625,106.2708,54.41,41,30,9.75
476,Lawang,ID,2022-05-18 20:37:05,-7.8353,112.6947,71.33,94,100,0.98
477,Santa Isabel Do Rio Negro,BR,2022-05-18 20:37:05,-0.4139,-65.0192,72.43,99,100,2.59
478,Pocone,BR,2022-05-18 20:37:06,-16.2567,-56.6228,67.51,25,51,6.29
479,Half Moon Bay,US,2022-05-18 20:37:06,37.4636,-122.4286,90.54,46,75,11.5
480,Hofn,IS,2022-05-18 20:37:07,64.2539,-15.2082,43.75,96,100,7.56
481,Santiago De Cuba,CU,2022-05-18 20:37:08,20.0247,-75.8219,84.31,79,40,9.22
482,Winsum,NL,2022-05-18 20:37:08,53.33,6.5208,59.05,94,100,3.74
483,Katherine,AU,2022-05-18 20:35:18,-14.4667,132.2667,64.72,48,0,5.75
484,Nerchinskiy Zavod,RU,2022-05-18 20:37:09,51.3088,119.61,46.08,74,55,2.73
485,Lewistown,US,2022-05-18 20:37:09,40.5992,-77.5714,67.41,69,40,8.05
486,Babu,CN,2022-05-18 20:37:10,24.4167,111.5167,68.94,84,82,2.21
487,Cassilandia,BR,2022-05-18 20:36:06,-19.1133,-51.7342,57.42,49,51,8.25
488,Canico,PT,2022-05-18 20:37:10,32.6333,-16.85,68.13,82,40,11.5
489,Ardabil,IR,2022-05-18 20:37:11,38.2498,48.2933,47.75,81,75,6.91
490,Fort Dodge,US,2022-05-18 20:37:11,42.4975,-94.168,82.81,36,0,6.91
491,New Port Richey,US,2022-05-18 20:37:12,28.2442,-82.7193,91.4,72,6,5.99
492,Akyab,MM,2022-05-18 20:37:12,20.15,92.9,83.79,77,23,0.83
493,Lompoc,US,2022-05-18 20:32:32,34.6391,-120.4579,86.02,63,0,15.01
494,Uniontown,US,2022-05-18 20:33:42,39.9001,-79.7164,70.41,75,100,4.99
495,Aksu,CN,2022-05-18 20:38:13,41.1231,80.2644,71.64,23,47,9.4
496,Chicama,PE,2022-05-18 20:38:14,-7.8447,-79.1469,66.74,68,100,8.3
497,Bazarnyye Mataki,RU,2022-05-18 20:38:14,54.8833,49.9333,39.52,95,19,5.55
498,Petropavlovsk-Kamchatskiy,RU,2022-05-18 20:37:32,53.0452,158.6483,43.39,87,20,4.47
499,Madera,US,2022-05-18 20:38:15,37.1666,-119.8343,94.01,25,3,6.78
500,Rovaniemi,FI,2022-05-18 20:38:15,66.5,25.7167,36.81,55,0,5.75
501,Ponta Delgada,PT,2022-05-18 20:38:16,37.7333,-25.6667,61.5,94,75,21.85
502,Ongandjera,NA,2022-05-18 20:38:16,-17.8833,15.0667,68.81,30,0,8.57
503,Pitimbu,BR,2022-05-18 20:38:16,-7.4706,-34.8086,82.99,77,10,7.25
504,Alanib,PH,2022-05-18 20:38:17,8.0278,124.9861,66.96,94,51,2.06
505,San Jose,US,2022-05-18 20:38:13,37.3394,-121.895,91.92,28,75,10.36
506,Jauharabad,PK,2022-05-18 20:38:17,32.2898,72.2813,90.73,14,0,7.0
507,Murgab,TM,2022-05-18 20:38:18,37.4966,61.9714,75.07,46,75,6.91
508,Westport,US,2022-05-18 20:35:59,41.1415,-73.3579,73.89,34,0,17.27
509,Lebu,CL,2022-05-18 20:38:19,-37.6167,-73.65,53.94,84,99,11.23
510,Yabrud,SY,2022-05-18 20:38:19,33.9674,36.6574,60.08,47,0,1.25
511,Buckeye,US,2022-05-18 20:38:19,33.3703,-112.5838,101.82,10,0,3.44
512,Jalu,LY,2022-05-18 20:38:20,29.0331,21.5482,73.71,41,0,15.9
513,Alexandria,EG,2022-05-18 20:37:15,31.2156,29.9553,69.76,68,0,5.75
514,Raiwala,IN,2022-05-18 20:38:20,30.0167,78.2167,79.2,35,2,6.15
515,Yinchuan,CN,2022-05-18 20:38:21,38.4681,106.2731,63.12,43,3,5.12
516,Vikhorevka,RU,2022-05-18 20:38:05,56.1201,101.1636,56.79,79,100,3.65
517,Saint-Augustin,CA,2022-05-18 20:38:22,51.226,-58.6502,41.7,97,100,5.88
518,San Quintin,MX,2022-05-18 20:38:22,30.4833,-115.95,64.67,63,0,11.18
519,Bongandanga,CD,2022-05-18 20:38:22,1.5,21.05,71.64,95,100,0.6
520,Sao Felix Do Xingu,BR,2022-05-18 20:37:24,-6.6447,-51.995,76.23,88,100,1.48
521,Jishou,CN,2022-05-18 20:38:23,28.3167,109.7167,59.47,97,100,2.46
522,Rantauprapat,ID,2022-05-18 20:33:34,2.1,99.8333,72.14,98,73,2.55
523,Vanimo,PG,2022-05-18 20:38:24,-2.6741,141.3028,77.95,86,13,4.97
524,Qui Nhon,VN,2022-05-18 20:38:24,13.7667,109.2333,78.12,87,100,1.86
525,Aloleng,PH,2022-05-18 20:38:25,16.1307,119.7824,78.66,84,100,9.28
526,Guane,CU,2022-05-18 20:38:25,22.2025,-84.0875,87.57,45,94,7.2
527,Yulara,AU,2022-05-18 20:38:26,-25.2406,130.9889,54.64,79,95,7.05
528,Sao Miguel Do Araguaia,BR,2022-05-18 20:38:26,-13.275,-50.1628,70.12,28,28,7.78
529,Oriximina,BR,2022-05-18 20:38:27,-1.7656,-55.8661,79.61,87,77,2.68
530,Eirunepe,BR,2022-05-18 20:38:27,-6.6603,-69.8736,76.28,66,96,3.6
531,Sirjan,IR,2022-05-18 20:38:27,29.452,55.6814,73.58,14,0,7.2
532,Wanning,CN,2022-05-18 20:38:28,18.8003,110.3967,75.69,90,93,6.11
533,Santa Fe,AR,2022-05-18 20:38:28,-31.6333,-60.7,58.98,57,0,4.0
