City_ID,City,Lat,Lng,Max Temp,Humidity,Cloudiness,Wind Speed,Country,Date,Weather Description
0,Abu Samrah,35.3029,37.1841,63.19,29,0,6.53,SY,2022-05-21 01:05:46,clear sky
1,Anadyr,64.75,177.4833,35.01,80,63,5.99,RU,2022-05-21 01:05:46,broken clouds
2,Bayan,46.0833,127.4,70.21,48,22,11.59,CN,2022-05-21 01:05:47,few clouds
3,Albany,42.6001,-73.9662,69.57,79,100,1.01,US,2022-05-21 01:04:08,overcast clouds
4,Bredasdorp,-34.5322,20.0403,50.07,83,14,6.08,ZA,2022-05-21 01:05:47,few clouds
5,Tomigusuku,26.185,127.675,77.14,88,75,12.66,JP,2022-05-21 01:05:48,broken clouds
6,Rikitea,-23.1203,-134.9692,73.99,78,14,7.29,PF,2022-05-21 01:02:31,light rain
7,San Patricio,28.017,-97.5169,84.29,74,0,22.08,US,2022-05-21 01:05:49,clear sky
8,Pevek,69.7008,170.3133,33.35,97,82,4.65,RU,2022-05-21 01:05:49,broken clouds
9,Aykhal,66.0,111.5,38.05,84,100,2.82,RU,2022-05-21 01:05:49,overcast clouds
10,Ilulissat,69.2167,-51.1,33.82,80,75,0.0,GL,2022-05-21 01:05:50,broken clouds
11,Elkhotovo,43.3442,44.2011,43.29,83,6,5.84,RU,2022-05-21 01:05:50,clear sky
12,Shingu,33.7333,135.9833,60.75,94,100,8.66,JP,2022-05-21 01:05:51,light rain
13,Hami,42.8,93.45,77.56,25,2,9.57,CN,2022-05-21 01:05:51,clear sky
14,Amasya,40.6667,35.8333,40.68,78,0,2.33,TR,2022-05-21 01:05:52,clear sky
15,Kodiak,57.79,-152.4072,45.91,81,100,19.57,US,2022-05-21 01:05:52,overcast clouds
16,Hermanus,-34.4187,19.2345,56.84,74,42,5.03,ZA,2022-05-21 01:03:54,scattered clouds
17,Buchanan,5.8808,-10.0467,76.73,90,100,6.29,LR,2022-05-21 01:05:53,moderate rain
18,Longyearbyen,78.2186,15.6401,33.64,80,75,4.61,SJ,2022-05-21 01:03:10,broken clouds
19,Hilo,19.7297,-155.09,84.27,71,75,9.22,US,2022-05-21 01:05:03,broken clouds
20,Yellowknife,62.456,-114.3525,57.56,26,34,15.01,CA,2022-05-21 01:01:27,scattered clouds
21,Kapaa,22.0752,-159.319,80.58,88,75,14.97,US,2022-05-21 01:05:54,broken clouds
22,Sitia,35.2,26.0986,64.98,81,0,9.66,GR,2022-05-21 01:05:54,clear sky
23,Bluff,-46.6,168.3333,47.91,74,99,35.03,NZ,2022-05-21 01:05:55,overcast clouds
24,Bereda,43.2686,-7.5406,57.58,98,98,4.81,ES,2022-05-21 01:05:56,overcast clouds
25,Ushuaia,-54.8,-68.3,41.31,94,100,6.42,AR,2022-05-21 01:02:28,overcast clouds
26,Borogontsy,62.6683,131.1683,49.48,64,99,4.21,RU,2022-05-21 01:05:56,overcast clouds
27,Ixtapa,20.7,-105.2,78.22,69,0,9.22,MX,2022-05-21 01:05:57,clear sky
28,Canoa,18.355,-71.1585,76.82,85,65,4.25,DO,2022-05-21 01:05:57,broken clouds
29,Wajima,37.4,136.9,67.55,58,100,2.89,JP,2022-05-21 01:05:57,overcast clouds
30,Birjand,32.8663,59.2211,68.29,25,0,4.38,IR,2022-05-21 01:05:58,clear sky
31,Castro,-24.7911,-50.0119,43.61,86,0,3.0,BR,2022-05-21 01:01:25,clear sky
32,Busselton,-33.65,115.3333,60.53,67,2,10.02,AU,2022-05-21 01:05:59,clear sky
33,La Primavera,5.4906,-70.4092,74.64,89,100,0.87,CO,2022-05-21 01:05:59,overcast clouds
34,East London,-33.0153,27.9116,61.75,71,100,8.5,ZA,2022-05-21 01:05:59,overcast clouds
35,Victoria,22.2855,114.1577,80.94,82,22,1.99,HK,2022-05-21 01:06:00,few clouds
36,Cartagena,10.3997,-75.5144,83.82,79,75,3.44,CO,2022-05-21 01:06:00,broken clouds
37,Jamestown,42.097,-79.2353,74.79,86,0,13.8,US,2022-05-21 01:04:09,clear sky
38,Thompson,55.7435,-97.8558,37.56,70,75,11.5,CA,2022-05-21 01:06:01,broken clouds
39,Tasiilaq,65.6145,-37.6368,35.76,81,0,5.57,GL,2022-05-21 01:06:01,clear sky
40,Galdar,28.147,-15.6502,68.5,80,11,13.85,ES,2022-05-21 01:06:02,few clouds
41,Wladyslawowo,54.7909,18.4009,55.0,94,100,2.95,PL,2022-05-21 01:06:02,overcast clouds
42,Cape Town,-33.9258,18.4232,55.11,87,33,3.0,ZA,2022-05-21 01:04:17,scattered clouds
43,Ponta Do Sol,32.6667,-17.1,66.7,81,0,3.51,PT,2022-05-21 01:06:03,clear sky
44,Todos Santos,23.45,-110.2167,65.44,76,0,9.31,MX,2022-05-21 01:06:03,clear sky
45,Atuona,-9.8,-139.0333,77.63,66,0,8.95,PF,2022-05-21 01:05:00,clear sky
46,Tiksi,71.6872,128.8694,32.4,87,100,6.31,RU,2022-05-21 01:06:04,overcast clouds
47,Colac,-38.3333,143.5833,56.17,67,0,4.38,AU,2022-05-21 01:07:04,clear sky
48,Punta Arenas,-53.15,-70.9167,42.12,93,100,5.82,CL,2022-05-21 01:02:33,light rain
49,Vaini,-21.2,-175.2,76.66,71,100,11.14,TO,2022-05-21 01:07:05,overcast clouds
50,Port Alfred,-33.5906,26.891,61.54,69,100,4.59,ZA,2022-05-21 01:03:53,overcast clouds
51,Huallanca,-9.8993,-76.9417,48.27,84,100,1.81,PE,2022-05-21 01:07:06,overcast clouds
52,Dawson Creek,55.7666,-120.2362,48.07,37,83,4.65,CA,2022-05-21 01:07:06,broken clouds
53,Ribeira Grande,38.5167,-28.7,63.91,97,100,9.84,PT,2022-05-21 01:07:07,light rain
54,Murgab,37.4966,61.9714,76.32,20,0,7.0,TM,2022-05-21 01:07:07,clear sky
55,Taksimo,56.3444,114.8794,57.09,51,92,1.68,RU,2022-05-21 01:07:08,overcast clouds
56,Awbari,26.5921,12.7805,71.31,36,0,16.28,LY,2022-05-21 01:07:08,clear sky
57,Cangucu,-31.395,-52.6756,44.19,92,4,3.74,BR,2022-05-21 01:07:09,clear sky
58,Hobart,-42.8794,147.3294,50.25,85,75,11.5,AU,2022-05-21 01:06:31,broken clouds
59,Honningsvag,70.9821,25.9704,40.75,70,100,11.5,NO,2022-05-21 01:07:09,overcast clouds
60,Am Timan,11.0297,20.2827,83.08,54,100,11.39,TD,2022-05-21 01:07:10,overcast clouds
61,New Norfolk,-42.7826,147.0587,49.91,80,9,1.83,AU,2022-05-21 01:07:10,clear sky
62,Iberia,29.9502,-91.7507,83.05,74,75,17.27,US,2022-05-21 01:07:11,broken clouds
63,Sahbuz,39.4072,45.5739,42.4,71,26,2.13,AZ,2022-05-21 01:07:11,scattered clouds
64,Narsaq,60.9167,-46.05,43.02,76,8,1.36,GL,2022-05-21 01:07:12,clear sky
65,Krasnorechenskiy,44.6265,135.3532,68.61,46,5,6.53,RU,2022-05-21 01:07:12,clear sky
66,Georgetown,5.4112,100.3354,84.13,79,20,0.0,MY,2022-05-21 01:02:19,few clouds
67,Bengkulu,-3.8004,102.2655,79.2,77,65,3.87,ID,2022-05-21 01:07:13,broken clouds
68,Dikson,73.5069,80.5464,27.57,89,98,5.93,RU,2022-05-21 01:07:14,overcast clouds
69,Port Elizabeth,-33.918,25.5701,56.1,99,100,4.61,ZA,2022-05-21 01:07:14,moderate rain
70,Dodola,6.9833,39.1833,52.11,82,100,1.61,ET,2022-05-21 01:07:15,overcast clouds
71,Villarrica,-25.75,-56.4333,48.61,84,0,4.45,PY,2022-05-21 01:07:15,clear sky
72,Guiyang,26.5833,106.7167,63.03,78,99,3.71,CN,2022-05-21 01:07:16,overcast clouds
73,Yulara,-25.2406,130.9889,63.57,45,76,13.11,AU,2022-05-21 01:07:16,broken clouds
74,Saldanha,-33.0117,17.9442,57.99,76,13,10.8,ZA,2022-05-21 01:07:17,few clouds
75,Puerto Ayora,-0.7393,-90.3518,72.55,97,3,1.01,EC,2022-05-21 01:07:17,clear sky
76,Nikolskoye,59.7035,30.7861,40.89,77,83,5.17,RU,2022-05-21 01:07:17,broken clouds
77,Carnarvon,-24.8667,113.6333,70.43,52,1,7.54,AU,2022-05-21 01:07:08,clear sky
78,Shu,43.5983,73.7614,67.19,64,100,3.94,KZ,2022-05-21 01:07:18,overcast clouds
79,Vila Velha,-20.3297,-40.2925,64.35,88,20,2.3,BR,2022-05-21 01:04:53,few clouds
80,Hamilton,39.1834,-84.5333,82.49,63,0,18.41,US,2022-05-21 01:03:20,clear sky
81,Qaanaaq,77.484,-69.3632,12.49,89,93,3.89,GL,2022-05-21 01:07:19,overcast clouds
82,Butaritari,3.0707,172.7902,81.09,73,87,14.63,KI,2022-05-21 01:07:20,overcast clouds
83,Tazovskiy,67.4667,78.7,35.13,98,100,2.75,RU,2022-05-21 01:07:20,overcast clouds
84,Leningradskiy,69.3833,178.4167,33.58,97,87,9.55,RU,2022-05-21 01:07:20,overcast clouds
85,Acarau,-2.8856,-40.12,77.59,84,80,5.01,BR,2022-05-21 01:07:21,broken clouds
86,Ambulu,-8.345,113.6058,79.38,82,100,1.16,ID,2022-05-21 01:07:21,overcast clouds
87,San Cristobal,7.7669,-72.225,75.38,89,18,2.48,VE,2022-05-21 01:07:22,few clouds
88,Oktyabrskoye,43.0645,44.7417,39.34,93,8,6.71,RU,2022-05-21 01:07:23,clear sky
89,Murray Bridge,-35.1167,139.2667,53.82,52,98,8.16,AU,2022-05-21 01:08:23,overcast clouds
90,Tucupita,9.0622,-62.051,75.67,80,0,5.77,VE,2022-05-21 01:08:24,clear sky
91,Bathsheba,13.2167,-59.5167,81.21,78,40,19.57,BB,2022-05-21 01:08:24,scattered clouds
92,Vagur,61.4732,-6.8119,47.98,92,100,12.95,FO,2022-05-21 01:08:25,overcast clouds
93,Ofaqim,31.3141,34.6203,73.67,30,98,3.71,IL,2022-05-21 01:08:25,overcast clouds
94,Pak Phanang,8.3511,100.202,81.37,82,100,12.03,TH,2022-05-21 01:08:25,overcast clouds
95,Mataura,-46.1927,168.8643,43.81,90,100,14.99,NZ,2022-05-21 01:08:26,overcast clouds
96,Evensk,61.95,159.2333,45.0,66,75,16.44,RU,2022-05-21 01:08:26,broken clouds
97,Cabo San Lucas,22.8909,-109.9124,80.62,61,0,12.66,MX,2022-05-21 01:04:47,clear sky
98,Marquette,46.5333,-87.6335,56.64,90,74,5.32,US,2022-05-21 01:04:58,broken clouds
99,Kulhudhuffushi,6.6221,73.07,83.01,77,66,15.41,MV,2022-05-21 01:08:27,broken clouds
100,Albert,50.0009,2.651,54.79,92,0,9.22,FR,2022-05-21 01:08:28,clear sky
101,Katangli,51.7102,143.2326,33.76,96,100,14.12,RU,2022-05-21 01:08:28,light snow
102,Barrow,71.2906,-156.7887,30.22,93,100,12.66,US,2022-05-21 01:08:29,overcast clouds
103,Norman Wells,65.282,-126.8329,56.14,51,83,12.88,CA,2022-05-21 01:08:29,broken clouds
104,Avera,33.194,-82.5271,80.11,51,94,3.27,US,2022-05-21 01:08:30,overcast clouds
105,Sao Filipe,14.8961,-24.4956,73.15,76,100,13.09,CV,2022-05-21 01:08:30,overcast clouds
106,Fortuna,40.5982,-124.1573,61.86,73,0,18.41,US,2022-05-21 01:08:31,clear sky
107,Herat,34.5,62.0,65.71,28,0,4.74,AF,2022-05-21 01:08:31,clear sky
108,Esso,55.9333,158.7,37.51,100,100,6.04,RU,2022-05-21 01:08:32,overcast clouds
109,Victor Harbor,-35.5667,138.6167,56.62,60,20,9.78,AU,2022-05-21 01:08:32,few clouds
110,Nome,64.5011,-165.4064,66.27,32,0,17.27,US,2022-05-21 01:08:33,clear sky
111,Buala,-8.145,159.5921,82.92,73,77,6.8,SB,2022-05-21 01:08:33,light rain
112,Ucluelet,48.9329,-125.5528,53.98,73,11,8.19,CA,2022-05-21 01:08:33,few clouds
113,Tongchuan,35.0806,109.0897,72.3,43,100,3.51,CN,2022-05-21 01:08:34,overcast clouds
114,Samana,19.2056,-69.3369,77.86,86,77,7.92,DO,2022-05-21 01:08:34,broken clouds
115,Chuy,-33.6971,-53.4616,49.3,84,21,6.51,UY,2022-05-21 01:08:35,few clouds
116,Quarai,-30.3875,-56.4514,47.59,88,0,5.95,BR,2022-05-21 01:08:35,clear sky
117,Havoysund,70.9963,24.6622,41.23,91,100,9.35,NO,2022-05-21 01:08:36,overcast clouds
118,Upernavik,72.7868,-56.1549,19.36,95,59,8.77,GL,2022-05-21 01:08:36,broken clouds
119,Namatanai,-3.6667,152.4333,84.94,66,23,5.44,PG,2022-05-21 01:08:37,few clouds
120,Arraial Do Cabo,-22.9661,-42.0278,68.14,74,43,9.51,BR,2022-05-21 01:08:37,scattered clouds
121,Sorland,67.667,12.6934,46.26,97,100,8.86,NO,2022-05-21 01:08:38,overcast clouds
122,Kahului,20.8947,-156.47,89.62,51,40,16.11,US,2022-05-21 01:06:19,scattered clouds
123,Yertsevo,60.7966,40.086,29.89,79,100,3.71,RU,2022-05-21 01:08:38,overcast clouds
124,Skjervoy,70.0311,20.9714,42.8,70,40,9.42,NO,2022-05-21 01:08:39,scattered clouds
125,Hualmay,-11.0964,-77.6139,64.76,90,58,8.12,PE,2022-05-21 01:08:39,broken clouds
126,Saint-Philippe,-21.3585,55.7679,71.19,83,36,10.78,RE,2022-05-21 01:08:40,light rain
127,Libertador General San Martin,-23.8064,-64.7876,54.97,65,100,3.62,AR,2022-05-21 01:08:40,overcast clouds
128,Bandarbeyla,9.4942,50.8122,79.99,81,91,21.63,SO,2022-05-21 01:08:41,overcast clouds
129,Itoman,26.1247,127.6694,77.4,88,75,12.66,JP,2022-05-21 01:08:41,broken clouds
130,Gat,31.61,34.7642,81.39,26,100,5.3,IL,2022-05-21 01:08:42,overcast clouds
131,Kifri,34.6959,44.9661,73.06,33,100,8.32,IQ,2022-05-21 01:08:42,overcast clouds
132,Hithadhoo,-0.6,73.0833,82.54,72,20,9.19,MV,2022-05-21 01:04:28,few clouds
133,Half Moon Bay,37.4636,-122.4286,77.88,56,0,27.63,US,2022-05-21 01:08:43,haze
134,Airai,-8.9266,125.4092,70.74,53,100,5.5,TL,2022-05-21 01:09:43,overcast clouds
135,La Ronge,55.1001,-105.2842,45.63,34,100,8.72,CA,2022-05-21 01:09:44,overcast clouds
136,Lasa,46.6166,10.7002,58.37,82,70,4.43,IT,2022-05-21 01:09:44,broken clouds
137,Yucaipa,34.0336,-117.0431,66.15,59,100,6.91,US,2022-05-21 01:08:07,haze
138,Saint George,37.1041,-113.5841,72.63,11,0,20.71,US,2022-05-21 01:07:41,clear sky
139,Saskylakh,71.9167,114.0833,31.89,94,100,6.85,RU,2022-05-21 01:09:45,overcast clouds
140,Svetlogorsk,52.6333,29.7333,55.65,98,100,8.05,BY,2022-05-21 01:09:46,overcast clouds
141,Chapayevka,47.4711,36.3451,55.47,76,100,12.01,UA,2022-05-21 01:09:46,overcast clouds
142,Yerbogachen,61.2767,108.0108,47.53,89,100,2.55,RU,2022-05-21 01:09:47,overcast clouds
143,San Francisco,37.7749,-122.4194,83.32,55,20,27.63,US,2022-05-21 01:07:46,few clouds
144,Rawson,-43.3002,-65.1023,60.15,44,0,25.08,AR,2022-05-21 01:09:47,clear sky
145,Belaya Gora,68.5333,146.4167,50.76,56,100,7.9,RU,2022-05-21 01:09:48,overcast clouds
146,Dingle,10.9995,122.6711,79.25,83,98,4.45,PH,2022-05-21 01:09:48,overcast clouds
147,Viedma,-40.8135,-62.9967,54.52,45,0,11.61,AR,2022-05-21 01:09:30,clear sky
148,Kaitangata,-46.2817,169.8464,45.81,83,98,21.45,NZ,2022-05-21 01:09:49,overcast clouds
149,Baie-Comeau,49.2168,-68.1489,47.61,80,96,6.11,CA,2022-05-21 01:06:24,overcast clouds
150,Broome,42.2506,-75.833,70.38,82,75,9.22,US,2022-05-21 01:09:49,broken clouds
151,Misratah,32.3754,15.0925,63.75,60,0,1.05,LY,2022-05-21 01:09:50,clear sky
152,Mumbwa,-14.9783,27.0619,64.69,56,73,2.1,ZM,2022-05-21 01:09:50,broken clouds
153,Burla,21.5,83.8667,87.75,43,0,3.15,IN,2022-05-21 01:09:51,clear sky
154,Wuda,39.4994,106.7117,75.47,15,10,10.22,CN,2022-05-21 01:09:51,clear sky
155,Ubinskoye,55.3068,79.6802,54.32,74,100,1.28,RU,2022-05-21 01:09:52,overcast clouds
156,Clyde River,70.4692,-68.5914,23.9,88,100,5.08,CA,2022-05-21 01:09:52,overcast clouds
157,Burnie,-41.0667,145.9167,60.94,61,69,2.84,AU,2022-05-21 01:09:53,broken clouds
158,Togul,53.465,85.9128,59.95,61,100,6.29,RU,2022-05-21 01:09:53,overcast clouds
159,Kamenka,51.3223,42.7678,35.67,78,6,5.17,RU,2022-05-21 01:09:54,clear sky
160,Mackenzie,55.2999,-123.1698,54.1,23,12,9.04,CA,2022-05-21 01:05:07,few clouds
161,Nyurba,63.2842,118.3319,56.19,59,100,3.56,RU,2022-05-21 01:09:54,light rain
162,Luderitz,-26.6481,15.1594,50.61,73,0,10.63,NA,2022-05-21 01:09:55,clear sky
163,Cayenne,4.9333,-52.3333,75.09,1,100,0.0,GF,2022-05-21 01:09:55,overcast clouds
164,Yuzhnyy,53.2542,83.6936,65.53,29,0,11.18,RU,2022-05-21 01:09:56,clear sky
165,La Palma,33.8464,-118.0467,66.96,78,100,10.36,US,2022-05-21 01:09:56,overcast clouds
166,Russell,32.3502,-85.1999,80.2,83,0,0.0,US,2022-05-21 01:09:13,clear sky
167,Kachiry,53.0675,76.1036,63.19,51,24,8.16,KZ,2022-05-21 01:09:57,few clouds
168,Isangel,-19.55,169.2667,80.71,74,40,19.57,VU,2022-05-21 01:09:57,scattered clouds
169,Mkushi,-13.6202,29.3939,60.96,75,23,3.53,ZM,2022-05-21 01:09:58,few clouds
170,Ancud,-41.8697,-73.8203,52.3,91,100,15.68,CL,2022-05-21 01:09:58,moderate rain
171,Seoul,37.5683,126.9778,70.99,59,34,5.26,KR,2022-05-21 01:09:59,scattered clouds
172,Kloulklubed,7.0419,134.2556,79.3,78,100,10.0,PW,2022-05-21 01:09:59,overcast clouds
173,Bethel,41.3712,-73.414,64.49,90,100,3.44,US,2022-05-21 01:10:00,moderate rain
174,Boundiali,9.5217,-6.4869,75.0,81,98,9.08,CI,2022-05-21 01:10:00,overcast clouds
175,Talcahuano,-36.7167,-73.1167,49.68,93,8,0.0,CL,2022-05-21 01:10:01,mist
176,Katobu,-4.9408,122.5276,82.87,72,85,7.49,ID,2022-05-21 01:10:01,overcast clouds
177,Hasaki,35.7333,140.8333,70.2,70,100,12.75,JP,2022-05-21 01:10:02,light rain
178,Ocos,14.5094,-92.1933,84.38,71,100,6.2,GT,2022-05-21 01:10:02,overcast clouds
179,Salalah,17.0151,54.0924,84.29,74,75,5.75,OM,2022-05-21 01:10:03,broken clouds
180,Puerto Madryn,-42.7692,-65.0385,60.8,42,0,21.47,AR,2022-05-21 01:08:32,clear sky
181,Paamiut,61.994,-49.6678,34.81,83,71,7.9,GL,2022-05-21 01:11:03,broken clouds
182,Nalut,30.3333,10.85,65.52,46,0,19.62,LY,2022-05-21 01:11:04,clear sky
183,Dhangadhi,28.7079,80.5961,83.39,44,35,6.08,NP,2022-05-21 01:07:05,scattered clouds
184,Atar,20.5169,-13.0499,84.04,22,47,4.85,MR,2022-05-21 01:11:05,scattered clouds
185,Mahebourg,-20.4081,57.7,75.25,88,40,11.5,MU,2022-05-21 01:11:05,scattered clouds
186,Lazaro Cardenas,17.9583,-102.2,78.69,69,1,9.75,MX,2022-05-21 01:07:57,clear sky
187,Bugiri,0.5714,33.7417,65.57,92,100,4.38,UG,2022-05-21 01:11:06,light rain
188,Pag,44.445,15.0575,52.38,59,6,3.49,HR,2022-05-21 01:11:06,clear sky
189,Talnakh,69.4865,88.3972,42.21,77,84,9.6,RU,2022-05-21 01:11:07,broken clouds
190,Praia Da Vitoria,38.7333,-27.0667,63.75,96,100,7.2,PT,2022-05-21 01:11:07,overcast clouds
191,Barrhead,55.7992,-4.3929,51.85,86,100,5.75,GB,2022-05-21 01:11:08,overcast clouds
192,Nossa Senhora Das Dores,-10.4917,-37.1933,71.29,83,100,5.06,BR,2022-05-21 01:11:08,overcast clouds
193,Sitka,57.0531,-135.33,57.09,67,20,4.61,US,2022-05-21 01:11:09,few clouds
194,Hohhot,40.8106,111.6522,71.65,22,100,2.55,CN,2022-05-21 01:11:09,overcast clouds
195,Mwene-Ditu,-7.0,23.45,74.17,57,100,3.15,CD,2022-05-21 01:11:10,overcast clouds
196,San Jose,37.3394,-121.895,78.69,24,20,16.11,US,2022-05-21 01:06:20,few clouds
197,Coquimbo,-29.9533,-71.3436,58.73,88,0,2.3,CL,2022-05-21 01:11:10,clear sky
198,Kutulik,53.3508,102.7839,55.11,80,100,17.22,RU,2022-05-21 01:11:11,overcast clouds
199,Cherskiy,68.75,161.3,56.68,39,11,13.89,RU,2022-05-21 01:11:11,few clouds
200,Grand Forks,47.9417,-97.4337,40.93,70,100,19.57,US,2022-05-21 01:11:12,overcast clouds
201,Harper,4.375,-7.7169,77.88,85,100,8.32,LR,2022-05-21 01:11:12,overcast clouds
202,Ahipara,-35.1667,173.1667,61.2,64,100,14.63,NZ,2022-05-21 01:11:13,overcast clouds
203,Camopi,3.1655,-52.3158,71.87,100,100,1.14,GF,2022-05-21 01:11:13,light rain
204,Pataskala,39.9956,-82.6743,81.75,63,40,11.5,US,2022-05-21 01:09:12,scattered clouds
205,Alghero,40.5589,8.3181,59.09,100,0,2.3,IT,2022-05-21 01:11:14,clear sky
206,Touros,-5.1989,-35.4608,78.04,86,89,6.02,BR,2022-05-21 01:11:15,overcast clouds
207,Bolshaya Sosnova,57.6713,54.6029,34.74,89,100,11.48,RU,2022-05-21 01:11:15,overcast clouds
208,Belmonte,-15.8631,-38.8828,70.36,63,6,7.16,BR,2022-05-21 01:06:56,clear sky
209,Ramanuj Ganj,23.8,83.7,91.27,28,0,13.2,IN,2022-05-21 01:11:16,clear sky
210,Vostok,46.4856,135.8833,70.61,37,70,9.01,RU,2022-05-21 01:11:16,broken clouds
211,Zhanaozen,43.3,52.8,54.97,65,100,20.27,KZ,2022-05-21 01:11:17,overcast clouds
212,Severo-Kurilsk,50.6789,156.125,43.75,86,100,13.31,RU,2022-05-21 01:11:17,overcast clouds
213,Nanortalik,60.1432,-45.2371,37.02,84,18,4.65,GL,2022-05-21 01:11:18,few clouds
214,Kajaani,64.2273,27.7285,46.45,49,0,3.44,FI,2022-05-21 01:10:02,clear sky
215,Youghal,51.95,-7.8506,51.1,100,100,8.97,IE,2022-05-21 01:11:18,overcast clouds
216,Bafilo,9.35,1.2667,71.62,91,100,3.53,TG,2022-05-21 01:09:10,light rain
217,Three Hills,51.7001,-113.2686,47.61,47,100,13.87,CA,2022-05-21 01:10:02,overcast clouds
218,Novoilinsk,51.6829,108.7143,74.91,30,81,2.35,RU,2022-05-21 01:11:19,broken clouds
219,Khorixas,-20.3667,14.9667,45.73,44,0,5.17,NA,2022-05-21 01:11:20,clear sky
220,Loreto,22.2667,-101.9667,80.91,11,11,19.06,MX,2022-05-21 01:11:20,few clouds
221,Farafangana,-22.8167,47.8333,69.71,76,96,3.8,MG,2022-05-21 01:11:21,overcast clouds
222,Nuevo San Juan Parangaricutiro,19.4,-102.1333,71.53,43,17,2.77,MX,2022-05-21 01:11:21,few clouds
223,Granville,-33.8333,151.0167,64.38,83,30,5.01,AU,2022-05-21 01:11:22,scattered clouds
224,Shintomi,32.0785,131.4723,61.92,96,100,14.27,JP,2022-05-21 01:11:22,overcast clouds
225,Kavieng,-2.5744,150.7967,84.43,72,36,11.21,PG,2022-05-21 01:11:23,light rain
226,Mitchell,43.7094,-98.0298,49.98,70,100,19.57,US,2022-05-21 01:12:23,overcast clouds
227,Inhambane,-23.865,35.3833,73.94,89,98,12.17,MZ,2022-05-21 01:12:24,overcast clouds
228,Korla,41.7597,86.1469,76.66,16,8,13.13,CN,2022-05-21 01:12:24,clear sky
229,Ostrovnoy,68.0531,39.5131,31.87,68,99,5.35,RU,2022-05-21 01:12:26,overcast clouds
230,Sisimiut,66.9395,-53.6735,37.44,58,100,1.88,GL,2022-05-21 01:12:26,overcast clouds
231,Atambua,-9.1061,124.8925,81.93,56,100,4.18,ID,2022-05-21 01:12:27,overcast clouds
232,Den Helder,52.9599,4.7593,55.38,89,100,21.99,NL,2022-05-21 01:12:27,overcast clouds
233,Lagoa,39.05,-27.9833,62.08,96,100,12.12,PT,2022-05-21 01:12:27,overcast clouds
234,Fairbanks,64.8378,-147.7164,73.6,26,0,4.61,US,2022-05-21 01:10:26,clear sky
235,Road Town,18.4167,-64.6167,80.69,83,40,8.05,VG,2022-05-21 01:12:28,scattered clouds
236,Bognor Regis,50.7821,-0.6798,55.74,94,100,12.77,GB,2022-05-21 01:12:29,overcast clouds
237,Muros,42.7762,-9.0603,65.08,75,52,9.35,ES,2022-05-21 01:12:29,broken clouds
238,Elizabeth City,36.2946,-76.2511,85.03,71,0,8.05,US,2022-05-21 01:12:29,clear sky
239,Komsomolskiy,40.4272,71.7189,63.32,72,61,6.91,UZ,2022-05-21 01:12:30,broken clouds
240,North Bend,43.4065,-124.2243,57.16,87,0,24.16,US,2022-05-21 01:12:30,clear sky
241,Murakami,38.2333,139.4833,70.41,50,100,8.05,JP,2022-05-21 01:12:31,overcast clouds
242,Los Llanos De Aridane,28.6585,-17.9182,65.95,88,40,8.05,ES,2022-05-21 01:12:31,scattered clouds
243,Lavrentiya,65.5833,-171.0,36.16,95,17,8.43,RU,2022-05-21 01:12:32,few clouds
244,Yichang,30.7144,111.2847,73.04,71,100,2.06,CN,2022-05-21 01:12:32,overcast clouds
245,Batticaloa,7.7102,81.6924,81.19,73,10,3.09,LK,2022-05-21 01:12:33,clear sky
246,Mogadishu,2.0371,45.3438,79.56,82,70,15.95,SO,2022-05-21 01:08:49,broken clouds
247,Gamba,-2.65,10.0,75.15,89,97,5.59,GA,2022-05-21 01:12:33,overcast clouds
248,Kutum,14.2,24.6667,76.28,15,0,13.18,SD,2022-05-21 01:12:34,clear sky
249,Kaniama,-7.5667,24.1833,74.41,58,99,2.71,CD,2022-05-21 01:12:34,overcast clouds
250,Beringovskiy,63.05,179.3167,35.15,87,100,6.64,RU,2022-05-21 01:12:35,overcast clouds
251,Khipro,25.8285,69.3772,82.42,74,0,18.01,PK,2022-05-21 01:08:18,clear sky
252,Songjianghe,42.1859,127.479,68.72,41,85,9.22,CN,2022-05-21 01:12:35,overcast clouds
253,Assiniboia,49.6334,-105.9845,40.08,62,100,16.71,CA,2022-05-21 01:12:36,overcast clouds
254,Dunedin,-45.8742,170.5036,50.81,60,100,18.99,NZ,2022-05-21 01:09:46,overcast clouds
255,Progreso,21.2833,-89.6667,93.31,62,23,11.27,MX,2022-05-21 01:12:36,few clouds
256,Aden,12.7794,45.0367,88.18,49,44,2.17,YE,2022-05-21 01:08:56,scattered clouds
257,Paita,-5.0892,-81.1144,66.97,81,22,12.44,PE,2022-05-21 01:12:37,few clouds
258,Guerrero Negro,27.9769,-114.0611,66.94,66,0,16.64,MX,2022-05-21 01:12:37,clear sky
259,Port Blair,11.6667,92.75,83.01,80,100,19.64,IN,2022-05-21 01:12:38,moderate rain
260,Cabedelo,-6.9811,-34.8339,74.07,84,88,7.81,BR,2022-05-21 01:12:38,light rain
261,Baijiantan,45.6333,85.1833,78.01,31,54,7.81,CN,2022-05-21 01:12:39,broken clouds
262,Kendari,-3.945,122.4989,83.14,74,100,2.21,ID,2022-05-21 01:12:39,overcast clouds
263,Kavaratti,10.5669,72.642,82.94,78,58,14.38,IN,2022-05-21 01:12:40,broken clouds
264,Kununurra,-15.7667,128.7333,85.98,35,0,16.11,AU,2022-05-21 01:12:40,clear sky
265,Rosiesti,46.4333,27.8833,58.39,58,4,2.98,RO,2022-05-21 01:12:41,clear sky
266,Port Macquarie,-31.4333,152.9167,64.17,78,100,7.43,AU,2022-05-21 01:12:41,overcast clouds
267,Provideniya,64.3833,-173.3,48.78,55,84,8.88,RU,2022-05-21 01:12:42,broken clouds
268,Alice Springs,-23.7,133.8833,58.55,55,77,8.05,AU,2022-05-21 01:12:43,broken clouds
269,Abu Kamal,34.4506,40.9171,68.65,25,87,12.8,SY,2022-05-21 01:12:43,overcast clouds
270,Khatanga,71.9667,102.5,37.98,79,100,12.08,RU,2022-05-21 01:12:44,overcast clouds
271,Havelock,34.8791,-76.9013,78.76,87,12,8.99,US,2022-05-21 01:13:44,few clouds
272,Auki,-8.7676,160.7034,81.97,78,97,4.97,SB,2022-05-21 01:13:45,overcast clouds
273,Kupang,-10.1667,123.5833,84.9,63,9,11.5,ID,2022-05-21 01:13:45,clear sky
274,Bilma,18.6853,12.9164,88.0,14,95,17.81,NE,2022-05-21 01:13:45,overcast clouds
275,Chokurdakh,70.6333,147.9167,35.33,100,82,6.76,RU,2022-05-21 01:13:46,broken clouds
276,Terrace,54.5163,-128.6035,65.44,37,62,3.04,CA,2022-05-21 01:13:47,broken clouds
277,Te Anau,-45.4167,167.7167,45.72,79,95,6.13,NZ,2022-05-21 01:13:47,overcast clouds
278,Padang,-0.9492,100.3543,77.05,78,100,1.86,ID,2022-05-21 01:13:47,light rain
279,Yining,29.0361,114.5636,66.09,86,100,0.38,CN,2022-05-21 01:13:48,overcast clouds
280,Hobyo,5.3505,48.5268,78.85,84,99,24.05,SO,2022-05-21 01:13:48,overcast clouds
281,Kigoma,-4.8769,29.6267,72.81,77,98,3.83,TZ,2022-05-21 01:13:49,overcast clouds
282,Huaihua,27.5494,109.9592,63.32,95,100,2.08,CN,2022-05-21 01:13:49,overcast clouds
283,Rio Brilhante,-21.8019,-54.5464,51.58,65,0,5.5,BR,2022-05-21 01:09:39,clear sky
284,Martinsville,36.6915,-79.8725,81.45,58,2,6.2,US,2022-05-21 01:10:25,clear sky
285,Vardo,70.3705,31.1107,35.58,80,100,21.85,NO,2022-05-21 01:13:50,light intensity drizzle
286,Wanaka,-44.7,169.15,53.11,56,1,1.99,NZ,2022-05-21 01:13:51,clear sky
287,Alofi,-19.0595,-169.9187,78.91,77,15,7.99,NU,2022-05-21 01:13:30,few clouds
288,Vila Franca Do Campo,37.7167,-25.4333,65.19,88,100,4.18,PT,2022-05-21 01:13:51,overcast clouds
289,Khasan,42.4308,130.6434,61.0,71,28,3.42,RU,2022-05-21 01:13:52,scattered clouds
290,Mar Del Plata,-38.0023,-57.5575,53.94,75,84,3.0,AR,2022-05-21 01:13:52,broken clouds
291,Tautira,-17.7333,-149.15,79.05,72,3,6.4,PF,2022-05-21 01:13:53,light rain
292,Caconda,-13.7333,15.0667,51.12,46,49,1.14,AO,2022-05-21 01:13:53,scattered clouds
293,Esperance,-33.8667,121.9,65.05,63,6,6.6,AU,2022-05-21 01:13:54,clear sky
294,Samoded,63.6083,40.5111,29.07,81,78,4.43,RU,2022-05-21 01:13:54,broken clouds
295,Buraydah,26.326,43.975,82.99,17,0,10.78,SA,2022-05-21 01:13:55,clear sky
296,Mehamn,71.0357,27.8492,37.31,84,100,12.39,NO,2022-05-21 01:13:55,overcast clouds
297,Worcester,42.3334,-71.8328,65.01,84,100,11.5,US,2022-05-21 01:13:55,overcast clouds
298,Iqaluit,63.7506,-68.5145,28.58,95,100,7.85,CA,2022-05-21 01:13:56,overcast clouds
299,Kodinsk,58.6881,99.1844,64.78,42,7,4.9,RU,2022-05-21 01:09:06,clear sky
300,Davenda,53.5556,119.317,59.09,37,100,6.67,RU,2022-05-21 01:13:56,overcast clouds
301,Aswan,24.0934,32.907,82.94,19,0,14.83,EG,2022-05-21 01:13:57,clear sky
302,Hidalgotitlan,17.7833,-94.6333,87.33,40,100,19.24,MX,2022-05-21 01:13:57,overcast clouds
303,Rosamorada,22.1222,-105.2058,81.75,52,0,7.02,MX,2022-05-21 01:13:58,clear sky
304,Lesnoy,57.6198,63.0784,41.16,64,100,4.99,RU,2022-05-21 01:13:06,overcast clouds
305,Pangnirtung,66.1451,-65.7125,30.04,93,100,2.28,CA,2022-05-21 01:13:58,overcast clouds
306,Port Hawkesbury,45.6169,-61.3485,49.91,58,91,1.01,CA,2022-05-21 01:13:59,overcast clouds
307,Haines Junction,60.7522,-137.5108,59.29,39,67,2.13,CA,2022-05-21 01:13:59,broken clouds
308,Codrington,-38.2667,141.9667,55.51,66,5,7.76,AU,2022-05-21 01:14:00,clear sky
309,Kruisfontein,-34.0033,24.7314,53.89,87,66,5.23,ZA,2022-05-21 01:14:00,light rain
310,Islamkot,24.6997,70.177,79.45,83,0,21.3,PK,2022-05-21 01:14:00,clear sky
311,Tyubuk,56.0552,60.9405,41.02,87,100,6.08,RU,2022-05-21 01:14:01,light rain
312,Leh,34.1667,77.5833,43.3,56,70,4.14,IN,2022-05-21 01:09:12,broken clouds
313,Waipawa,-41.4122,175.5153,55.27,65,2,14.9,NZ,2022-05-21 01:14:02,clear sky
314,Chipinge,-20.1883,32.6236,61.56,66,53,4.52,ZW,2022-05-21 01:14:02,broken clouds
315,Beyneu,45.3167,55.2,57.67,65,100,18.61,KZ,2022-05-21 01:14:03,overcast clouds
316,Bud,39.447,-86.1758,82.38,60,2,15.23,US,2022-05-21 01:14:04,clear sky
317,Gorontalo,0.5412,123.0595,80.74,86,100,3.98,ID,2022-05-21 01:12:00,light rain
318,Avarua,-21.2078,-159.775,77.38,75,94,11.18,CK,2022-05-21 01:15:04,overcast clouds
319,Morro Bay,35.3658,-120.8499,72.48,62,26,5.99,US,2022-05-21 01:12:48,scattered clouds
320,Ormara,25.2088,64.6357,81.21,92,5,12.41,PK,2022-05-21 01:15:05,clear sky
321,Pathein,16.7833,94.7333,81.72,82,99,12.44,MM,2022-05-21 01:15:05,heavy intensity rain
322,Byron Bay,-28.65,153.6167,61.72,79,100,13.67,AU,2022-05-21 01:14:54,light rain
323,Mwanza,-2.5167,32.9,71.17,63,100,5.79,TZ,2022-05-21 01:15:06,overcast clouds
324,Palana,59.1167,159.9667,41.14,71,99,9.26,RU,2022-05-21 01:15:07,overcast clouds
325,Pascagoula,30.3658,-88.5561,82.45,80,0,5.75,US,2022-05-21 01:13:38,clear sky
326,Tafalla,42.5269,-1.6745,67.08,76,48,3.98,ES,2022-05-21 01:15:07,scattered clouds
327,Xenia,39.6848,-83.9296,81.39,62,0,19.57,US,2022-05-21 01:15:08,clear sky
328,Nolinsk,57.5596,49.9363,34.72,96,100,8.66,RU,2022-05-21 01:15:08,overcast clouds
329,Shenjiamen,29.9576,122.298,64.31,92,100,7.87,CN,2022-05-21 01:15:09,overcast clouds
330,Kangaatsiaq,68.3065,-53.4641,30.88,83,100,7.61,GL,2022-05-21 01:15:09,overcast clouds
331,Naze,28.3667,129.4833,72.52,91,100,14.72,JP,2022-05-21 01:15:10,overcast clouds
332,Matamoros,25.5333,-103.25,96.91,5,0,11.5,MX,2022-05-21 01:15:10,clear sky
333,Tuktoyaktuk,69.4541,-133.0374,35.6,80,75,11.5,CA,2022-05-21 01:15:11,broken clouds
334,Gobabis,-22.45,18.9667,37.72,53,0,11.56,NA,2022-05-21 01:15:11,clear sky
335,Scalea,39.813,15.7956,63.14,72,43,4.54,IT,2022-05-21 01:15:12,scattered clouds
336,Tuatapere,-46.1333,167.6833,46.76,81,96,20.92,NZ,2022-05-21 01:15:12,overcast clouds
337,Shaoyang,27.2315,111.4525,69.3,79,99,4.41,CN,2022-05-21 01:15:13,overcast clouds
338,Gander,48.9682,-54.5906,44.73,70,0,5.75,CA,2022-05-21 01:15:13,clear sky
339,Babaeski,41.4325,27.0931,49.57,58,2,2.21,TR,2022-05-21 01:15:14,clear sky
340,Tongren,27.7172,109.1853,65.48,93,100,1.72,CN,2022-05-21 01:15:14,overcast clouds
341,Taywarah,33.35,64.4167,43.05,52,0,4.45,AF,2022-05-21 01:15:15,clear sky
342,Geraldton,-28.7667,114.6,59.41,94,0,10.36,AU,2022-05-21 01:15:15,clear sky
343,Ust-Tsilma,65.441,52.1498,30.81,84,100,8.88,RU,2022-05-21 01:15:16,overcast clouds
344,Sabang,5.8933,95.3214,83.48,75,100,16.8,ID,2022-05-21 01:15:18,overcast clouds
345,Changji,44.0167,87.3167,75.99,31,0,4.47,CN,2022-05-21 01:15:18,clear sky
346,Duki,30.1541,68.5728,75.07,13,0,8.79,PK,2022-05-21 01:15:19,clear sky
347,Faya,18.3851,42.4509,64.92,17,2,8.03,SA,2022-05-21 01:15:20,clear sky
348,Presidencia Roque Saenz Pena,-26.7852,-60.4388,51.89,78,0,6.8,AR,2022-05-21 01:15:20,clear sky
349,Tahta,26.7693,31.5021,74.46,53,100,17.36,EG,2022-05-21 01:15:21,overcast clouds
350,Takestan,36.0696,49.6959,50.13,80,91,12.35,IR,2022-05-21 01:15:21,overcast clouds
351,Kasganj,27.8167,78.65,90.81,20,100,5.5,IN,2022-05-21 01:15:22,overcast clouds
352,Lorengau,-2.0226,147.2712,83.97,76,100,9.51,PG,2022-05-21 01:15:22,light rain
353,Port Lincoln,-34.7333,135.8667,59.9,60,0,16.11,AU,2022-05-21 01:11:17,clear sky
354,Dakar,14.6937,-17.4441,72.48,81,7,15.12,SN,2022-05-21 01:15:23,clear sky
355,Axim,4.8699,-2.2405,78.04,88,100,7.76,GH,2022-05-21 01:15:23,moderate rain
356,Ughelli,5.4899,6.0074,75.63,96,78,2.48,NG,2022-05-21 01:15:24,light rain
357,Callaway,30.153,-85.5699,79.0,79,0,5.75,US,2022-05-21 01:15:25,clear sky
358,Carndonagh,55.25,-7.2667,47.64,94,35,10.16,IE,2022-05-21 01:15:25,scattered clouds
359,Hit,33.6416,42.8251,71.89,24,100,10.42,IQ,2022-05-21 01:15:26,overcast clouds
360,Jos,9.9167,8.9,71.46,69,95,5.41,NG,2022-05-21 01:15:26,overcast clouds
361,Turukhansk,65.8167,87.9833,51.4,73,86,10.56,RU,2022-05-21 01:15:27,overcast clouds
362,Vilyuysk,63.7553,121.6247,53.87,42,100,1.03,RU,2022-05-21 01:15:27,overcast clouds
363,Acajutla,13.5928,-89.8275,81.39,76,67,6.8,SV,2022-05-21 01:16:27,broken clouds
364,Eirunepe,-6.6603,-69.8736,74.05,76,97,1.43,BR,2022-05-21 01:16:28,overcast clouds
365,Koutsouras,35.0339,25.9469,65.1,61,0,7.81,GR,2022-05-21 01:16:28,clear sky
366,Mustasaari,63.1142,21.6822,41.9,87,0,2.3,FI,2022-05-21 01:16:29,clear sky
367,Marawi,7.9986,124.2928,73.06,91,100,2.59,PH,2022-05-21 01:16:30,overcast clouds
368,Cidreira,-30.1811,-50.2056,54.14,83,3,5.01,BR,2022-05-21 01:16:30,clear sky
369,Camana,-16.6228,-72.7111,65.57,82,99,7.83,PE,2022-05-21 01:16:31,overcast clouds
370,Souillac,-20.5167,57.5167,73.78,88,40,11.5,MU,2022-05-21 01:16:31,scattered clouds
371,Ponta Delgada,37.7333,-25.6667,65.5,82,20,5.75,PT,2022-05-21 01:16:31,few clouds
372,Husavik,66.0449,-17.3389,48.33,75,60,3.42,IS,2022-05-21 01:16:32,light rain
373,Puerto Madero,14.7208,-92.4215,84.4,74,75,9.22,MX,2022-05-21 01:16:32,broken clouds
374,Concepcion Del Uruguay,-32.4825,-58.2372,53.26,86,0,1.01,AR,2022-05-21 01:16:33,clear sky
375,Fare,-16.7,-151.0167,79.95,71,20,6.87,PF,2022-05-21 01:16:33,light rain
376,Praya,14.9215,-23.5087,70.34,83,20,13.8,CV,2022-05-21 01:13:14,few clouds
377,Tagusao,9.1924,117.8141,84.54,70,100,1.81,PH,2022-05-21 01:16:34,overcast clouds
378,Sayat,38.7839,63.8803,62.47,26,0,1.88,TM,2022-05-21 01:16:34,clear sky
379,Mazagao,-0.115,-51.2894,77.05,98,100,2.24,BR,2022-05-21 01:16:35,overcast clouds
380,Villa Carlos Paz,-31.4241,-64.4978,54.82,39,9,1.99,AR,2022-05-21 01:16:35,clear sky
381,Sainte-Ode,50.0262,5.5254,48.7,95,7,7.27,BE,2022-05-21 01:16:36,clear sky
382,Zhuzhou,27.8333,113.15,66.33,81,100,1.97,CN,2022-05-21 01:16:36,overcast clouds
383,Griffith,41.5284,-87.4237,82.89,56,75,14.97,US,2022-05-21 01:11:56,broken clouds
384,Hambantota,6.1241,81.1185,79.27,86,81,14.38,LK,2022-05-21 01:16:37,broken clouds
385,Kirakira,-10.4544,161.9205,84.4,71,55,5.75,SB,2022-05-21 01:16:38,broken clouds
386,Jeremie,18.65,-74.1167,79.38,79,95,1.21,HT,2022-05-21 01:16:38,overcast clouds
387,Liberty,31.8335,-81.5004,80.85,76,75,7.0,US,2022-05-21 01:16:39,broken clouds
388,Faanui,-16.4833,-151.75,80.49,70,18,6.55,PF,2022-05-21 01:16:39,few clouds
389,Chazuta,-6.5742,-76.1367,76.05,83,56,1.43,PE,2022-05-21 01:16:40,broken clouds
390,Iquique,-20.2208,-70.1431,62.64,77,97,1.9,CL,2022-05-21 01:12:11,overcast clouds
391,Nueva Gerona,21.8833,-82.8,81.97,76,55,18.03,CU,2022-05-21 01:16:40,broken clouds
392,Caluquembe,-13.7833,14.6833,51.89,48,38,1.39,AO,2022-05-21 01:16:41,scattered clouds
393,Moron,-34.6534,-58.6198,57.97,81,100,6.04,AR,2022-05-21 01:16:41,overcast clouds
394,Okhotsk,59.3833,143.3,38.37,76,100,5.86,RU,2022-05-21 01:16:42,overcast clouds
395,Verkhnevilyuysk,63.4453,120.3167,55.22,50,100,1.74,RU,2022-05-21 01:16:42,overcast clouds
396,Easley,34.8298,-82.6015,81.66,56,0,4.61,US,2022-05-21 01:15:40,clear sky
397,Marti,22.9475,-80.9203,79.41,70,92,9.98,CU,2022-05-21 01:16:09,overcast clouds
398,Taiyuan,37.8694,112.5603,69.66,35,0,0.0,CN,2022-05-21 01:16:43,clear sky
399,Gikongoro,-2.464,29.5739,55.29,85,100,4.61,RW,2022-05-21 01:16:44,overcast clouds
400,Kemin,42.7846,75.6892,58.73,81,100,6.91,KG,2022-05-21 01:16:44,light rain
401,Muravlenko,63.7898,74.523,37.56,74,99,10.45,RU,2022-05-21 01:16:45,overcast clouds
402,Kayerkan,69.3497,87.7602,41.52,100,66,9.71,RU,2022-05-21 01:16:45,broken clouds
403,Aklavik,68.2191,-135.0107,46.04,74,89,10.51,CA,2022-05-21 01:16:46,overcast clouds
404,Mount Isa,-20.7333,139.5,76.77,50,0,9.22,AU,2022-05-21 01:16:46,clear sky
405,Kieta,-6.2167,155.6333,84.72,68,9,5.75,PG,2022-05-21 01:16:47,clear sky
406,Hofn,64.2539,-15.2082,47.62,96,100,10.09,IS,2022-05-21 01:16:47,overcast clouds
407,Berlevag,70.8578,29.0864,37.35,70,100,18.41,NO,2022-05-21 01:16:47,overcast clouds
408,Kapoeta,4.7717,33.5903,78.94,47,53,10.67,SS,2022-05-21 01:16:48,broken clouds
409,Cam Ranh,11.9214,109.1591,85.96,66,20,4.61,VN,2022-05-21 01:17:49,few clouds
410,Nongan,44.382,125.1685,76.62,25,45,9.1,CN,2022-05-21 01:17:49,scattered clouds
411,Oxford,51.7522,-1.256,51.94,89,85,5.75,GB,2022-05-21 01:17:50,overcast clouds
412,Obama,35.4958,135.746,63.91,72,100,6.06,JP,2022-05-21 01:17:51,light rain
413,Balkanabat,39.5108,54.3671,62.69,57,100,19.84,TM,2022-05-21 01:17:52,light rain
414,Maceo,6.552,-74.7874,66.27,99,96,2.86,CO,2022-05-21 01:15:19,overcast clouds
415,Pinega,64.7001,43.3936,28.31,83,100,5.3,RU,2022-05-21 01:17:53,overcast clouds
416,Kawhia,-38.0651,174.8183,61.5,70,69,20.6,NZ,2022-05-21 01:17:53,broken clouds
417,Henties Bay,-22.116,14.2845,55.13,74,0,13.15,NA,2022-05-21 01:17:54,clear sky
418,Key Largo,25.0865,-80.4473,82.98,77,68,12.84,US,2022-05-21 01:17:54,broken clouds
419,Kirensk,57.7853,108.1119,60.39,62,100,1.54,RU,2022-05-21 01:17:55,overcast clouds
420,Antalaha,-14.9003,50.2788,69.71,87,39,8.39,MG,2022-05-21 01:17:56,scattered clouds
421,Shaki,41.0833,47.1667,48.6,87,57,1.61,AZ,2022-05-21 01:17:56,broken clouds
422,Miyako,39.6367,141.9525,68.07,50,100,5.06,JP,2022-05-21 01:17:57,overcast clouds
423,Inuvik,68.3499,-133.7218,48.96,57,100,11.5,CA,2022-05-21 01:17:57,light intensity shower rain
424,Hwange,-18.3693,26.5019,63.57,70,65,3.85,ZW,2022-05-21 01:17:58,broken clouds
425,Makaha,21.4694,-158.2175,85.91,69,100,5.75,US,2022-05-21 01:17:59,light rain
426,Pingdu,36.7844,119.9464,79.77,35,0,5.68,CN,2022-05-21 01:15:06,clear sky
427,Bambous Virieux,-20.3428,57.7575,75.22,88,40,11.5,MU,2022-05-21 01:17:59,light rain
428,Dorokhovo,55.5506,36.3744,36.05,76,100,4.52,RU,2022-05-21 01:18:00,overcast clouds
429,Yar-Sale,66.8333,70.8333,31.98,95,100,19.42,RU,2022-05-21 01:18:00,light snow
430,Yeppoon,-23.1333,150.7333,64.18,91,100,20.29,AU,2022-05-21 01:18:01,moderate rain
431,Ambon,-3.6954,128.1814,89.74,62,40,4.61,ID,2022-05-21 01:18:01,scattered clouds
432,Narimanov,46.6927,47.8498,51.71,82,8,12.59,RU,2022-05-21 01:18:02,clear sky
433,Torbay,47.6666,-52.7314,44.76,80,40,3.44,CA,2022-05-21 01:17:52,scattered clouds
434,Bondoukou,8.0333,-2.8,72.73,96,100,3.85,CI,2022-05-21 01:18:02,overcast clouds
435,Ca Mau,9.1769,105.15,86.49,66,55,7.72,VN,2022-05-21 01:16:58,broken clouds
436,San Lazaro,18.0387,-88.6622,80.38,81,99,9.06,BZ,2022-05-21 01:18:03,overcast clouds
437,Paracuru,-3.41,-39.0306,82.11,86,58,4.5,BR,2022-05-21 01:18:04,broken clouds
438,Otradnoye,59.7775,30.8181,41.05,76,93,5.26,RU,2022-05-21 01:18:04,overcast clouds
439,Troitsko-Pechorsk,62.7084,56.1964,31.66,80,100,9.42,RU,2022-05-21 01:18:05,overcast clouds
440,Marathon,44.9,-89.7668,63.64,46,0,6.91,US,2022-05-21 01:18:05,clear sky
441,Ulaangom,49.9811,92.0667,61.23,45,6,3.09,MN,2022-05-21 01:18:06,clear sky
442,Qaqortoq,60.7167,-46.0333,37.94,81,9,2.75,GL,2022-05-21 01:18:06,clear sky
443,Saint-Leu,-21.15,55.2833,72.43,72,3,4.38,RE,2022-05-21 01:18:07,clear sky
444,Bure,10.7,37.0667,63.19,58,50,2.1,ET,2022-05-21 01:18:07,scattered clouds
445,Puerto Narino,-3.7703,-70.3831,69.69,98,15,1.39,CO,2022-05-21 01:18:08,few clouds
446,Grand Baie,-20.0182,57.5802,75.45,72,31,4.0,MU,2022-05-21 01:18:08,scattered clouds
447,Kermanshah,34.3142,47.065,61.7,22,40,16.11,IR,2022-05-21 01:18:09,dust
448,Dwarka,22.2394,68.9678,81.93,78,2,19.82,IN,2022-05-21 01:18:09,clear sky
449,Sterling,39.0062,-77.4286,85.19,71,75,8.05,US,2022-05-21 01:18:10,broken clouds
450,Pyaozerskiy,65.8333,31.1667,36.05,84,100,5.28,RU,2022-05-21 01:18:11,overcast clouds
451,San Pedro,14.35,121.0167,86.32,74,40,3.44,PH,2022-05-21 01:18:11,scattered clouds
452,Kautokeino,69.0125,23.0412,33.49,100,100,0.22,NO,2022-05-21 01:18:12,overcast clouds
453,Panguna,-6.3164,155.4848,81.54,61,20,2.82,PG,2022-05-21 01:18:12,few clouds
454,Batsfjord,70.6345,29.7185,37.33,80,100,3.44,NO,2022-05-21 01:18:13,overcast clouds
455,Leshukonskoye,64.8989,45.7622,27.32,79,10,6.6,RU,2022-05-21 01:18:13,clear sky
456,Pisco,-13.7,-76.2167,65.01,82,34,16.11,PE,2022-05-21 01:18:14,mist
457,Klaksvik,62.2266,-6.589,49.12,96,100,15.28,FO,2022-05-21 01:19:14,overcast clouds
458,Mahuva,21.0914,71.7622,80.85,80,9,12.62,IN,2022-05-21 01:19:15,clear sky
459,Constitucion,-35.3333,-72.4167,51.98,84,4,7.47,CL,2022-05-21 01:19:16,clear sky
460,Podporozhye,60.9112,34.1706,31.23,81,53,3.09,RU,2022-05-21 01:19:17,broken clouds
461,Obo,5.3998,26.4869,68.54,99,100,3.94,CF,2022-05-21 01:19:18,light rain
462,Fiche,9.8,38.7333,55.56,31,98,2.37,ET,2022-05-21 01:19:18,overcast clouds
463,Merauke,-8.4667,140.3333,84.24,65,7,9.86,ID,2022-05-21 01:19:19,clear sky
464,Bambanglipuro,-7.95,110.2833,78.66,85,100,2.1,ID,2022-05-21 01:19:20,overcast clouds
465,Egvekinot,66.3167,-179.1667,44.69,58,40,3.29,RU,2022-05-21 01:19:20,scattered clouds
466,Espanola,35.9911,-106.0806,81.34,14,16,22.59,US,2022-05-21 01:19:21,few clouds
467,Gursarai,25.6148,79.1788,96.66,16,72,8.46,IN,2022-05-21 01:19:22,broken clouds
468,Kanashevo,55.2169,62.0634,39.76,95,100,15.43,RU,2022-05-21 01:19:22,heavy intensity rain
469,Belvedere Marittimo,39.6179,15.8617,55.11,80,49,1.95,IT,2022-05-21 01:19:23,scattered clouds
470,Nador,35.174,-2.9287,69.87,88,75,0.0,MA,2022-05-21 01:19:23,broken clouds
471,Jalu,29.0331,21.5482,64.85,38,0,10.22,LY,2022-05-21 01:19:24,clear sky
472,Fukue,32.6881,128.8419,71.96,64,40,14.97,JP,2022-05-21 01:19:24,scattered clouds
473,Sobolevo,54.4299,31.8996,46.42,96,100,14.38,RU,2022-05-21 01:19:25,light rain
474,Karaton,-6.3424,106.1045,77.61,86,100,1.5,ID,2022-05-21 01:19:26,overcast clouds
475,Yarmouth,41.7057,-70.2286,60.96,94,75,5.99,US,2022-05-21 01:19:26,broken clouds
476,Trinidad,-14.8333,-64.9,62.49,56,75,2.77,BO,2022-05-21 01:19:27,broken clouds
477,Ridgecrest,35.6225,-117.6709,82.65,9,0,13.8,US,2022-05-21 01:14:37,haze
478,Oriximina,-1.7656,-55.8661,71.67,94,98,1.07,BR,2022-05-21 01:19:28,overcast clouds
479,Sioux Lookout,50.1001,-91.917,33.87,93,100,9.22,CA,2022-05-21 01:19:28,overcast clouds
480,Hamada,34.8833,132.0833,68.72,66,95,2.82,JP,2022-05-21 01:19:29,overcast clouds
481,Yinchuan,38.4681,106.2731,74.98,31,62,6.17,CN,2022-05-21 01:15:55,broken clouds
482,Tahe,52.3333,124.7333,57.69,40,87,9.57,CN,2022-05-21 01:19:30,overcast clouds
483,Caravelas,-17.7125,-39.2481,69.98,66,1,7.43,BR,2022-05-21 01:19:30,clear sky
484,Rocha,-34.4833,-54.3333,47.28,88,72,6.02,UY,2022-05-21 01:19:31,broken clouds
485,Adrar,20.5022,-10.0711,87.06,9,100,6.69,MR,2022-05-21 01:19:32,overcast clouds
486,Novoseleznevo,55.6821,69.2056,45.39,89,100,8.12,RU,2022-05-21 01:19:33,light rain
487,Mitu,1.1983,-70.1733,69.93,99,95,1.7,CO,2022-05-21 01:19:35,overcast clouds
488,Vestmanna,62.1564,-7.1664,47.32,100,100,10.36,FO,2022-05-21 01:19:36,light rain
489,Sinnamary,5.3833,-52.95,75.88,94,100,12.1,GF,2022-05-21 01:19:36,overcast clouds
490,Sistranda,63.7256,8.834,48.52,86,97,6.24,NO,2022-05-21 01:19:37,overcast clouds
491,Beloha,-25.1667,45.05,66.67,45,91,3.78,MG,2022-05-21 01:19:39,overcast clouds
492,Kaligutan,7.7031,125.8131,82.33,79,89,0.87,PH,2022-05-21 01:19:40,overcast clouds
493,Bubog,10.7694,122.968,82.53,78,98,5.48,PH,2022-05-21 01:19:41,overcast clouds
494,Pryazha,61.6926,33.6216,25.83,79,46,3.44,RU,2022-05-21 01:19:41,scattered clouds
495,Mangai,-4.05,19.5333,70.16,99,100,1.83,CD,2022-05-21 01:19:42,overcast clouds
496,Lebu,-37.6167,-73.65,50.72,91,26,6.71,CL,2022-05-21 01:17:44,scattered clouds
497,Samarai,-10.6167,150.6667,83.1,72,24,7.67,PG,2022-05-21 01:19:42,few clouds
498,Murdochville,48.9583,-65.5006,52.68,61,100,9.31,CA,2022-05-21 01:19:43,overcast clouds
499,Quballat,36.5418,9.6633,62.49,70,0,4.52,TN,2022-05-21 01:19:43,clear sky
500,Rosarito,32.3333,-117.0333,66.42,82,98,9.93,MX,2022-05-21 01:19:44,overcast clouds
501,Severnyy,50.677,36.5532,53.64,76,75,4.47,RU,2022-05-21 01:19:44,light rain
502,Strezhevoy,60.7333,77.5889,43.74,74,99,15.61,RU,2022-05-21 01:19:45,overcast clouds
503,Binzhou,37.3667,118.0167,83.62,27,0,12.53,CN,2022-05-21 01:19:45,clear sky
504,Port Hardy,50.6996,-127.4199,55.58,71,20,11.5,CA,2022-05-21 01:15:17,few clouds
505,Balud,10.1476,123.6953,85.96,71,100,3.62,PH,2022-05-21 01:19:46,overcast clouds
506,Develi,38.3906,35.4922,36.75,60,0,3.11,TR,2022-05-21 01:20:46,clear sky
507,Lalmohan,22.3384,90.7419,85.39,78,3,10.98,BD,2022-05-21 01:20:47,clear sky
508,Zarubino,42.63,131.0922,58.91,71,6,2.04,RU,2022-05-21 01:20:47,clear sky
509,Petropavlovsk-Kamchatskiy,53.0452,158.6483,39.79,100,100,6.71,RU,2022-05-21 01:20:48,overcast clouds
510,Margate,51.3813,1.3862,53.31,91,24,1.99,GB,2022-05-21 01:20:48,few clouds
511,Ouadda,8.0777,22.4007,68.52,95,100,4.21,CF,2022-05-21 01:20:49,overcast clouds
512,Nouadhibou,20.931,-17.0347,66.18,88,1,18.41,MR,2022-05-21 01:20:49,clear sky
513,Katsuura,35.1333,140.3,69.82,79,100,12.37,JP,2022-05-21 01:20:50,overcast clouds
514,Ballina,-28.8667,153.5667,61.79,79,100,14.99,AU,2022-05-21 01:20:50,moderate rain
515,Tual,-5.6667,132.75,84.07,69,91,19.89,ID,2022-05-21 01:20:51,overcast clouds
516,Williston,48.147,-103.618,40.03,65,100,8.01,US,2022-05-21 01:20:51,overcast clouds
517,Voznesenye,61.0106,35.4781,33.17,85,89,1.95,RU,2022-05-21 01:20:52,overcast clouds
518,Capaccio,40.4244,15.0809,56.07,70,57,3.65,IT,2022-05-21 01:20:52,broken clouds
519,Ossora,59.2353,163.0719,38.5,88,97,6.24,RU,2022-05-21 01:20:53,overcast clouds
520,Sedalia,38.7045,-93.2283,67.91,68,100,13.8,US,2022-05-21 01:20:37,overcast clouds
521,Ippy,6.2679,21.2247,68.29,97,100,2.62,CF,2022-05-21 01:20:53,moderate rain
522,Nagornyy,52.7959,83.5498,63.86,46,21,9.62,RU,2022-05-21 01:20:54,few clouds
523,Port Moresby,-9.4431,147.1797,89.02,58,40,11.5,PG,2022-05-21 01:20:54,scattered clouds
524,Akureyri,65.6835,-18.0878,42.73,93,0,9.22,IS,2022-05-21 01:20:55,clear sky
525,Shahreza,32.0339,51.8794,67.89,22,0,4.41,IR,2022-05-21 01:20:55,clear sky
526,Bermejo,-32.8833,-68.8,46.31,61,51,4.61,AR,2022-05-21 01:20:55,broken clouds
527,Shirokiy,49.758,129.523,59.63,60,12,12.66,RU,2022-05-21 01:20:56,few clouds
528,Umea,63.8284,20.2597,37.9,100,20,3.44,SE,2022-05-21 01:17:14,few clouds
529,Porbandar,21.6422,69.6093,81.93,78,6,16.04,IN,2022-05-21 01:20:57,clear sky
530,Tartagal,-22.5164,-63.8013,56.23,56,98,3.98,AR,2022-05-21 01:20:32,overcast clouds
531,Pochutla,15.7432,-96.4661,82.81,59,9,8.5,MX,2022-05-21 01:20:57,clear sky
532,Bourail,-21.5667,165.4833,79.11,75,85,14.76,NC,2022-05-21 01:20:58,overcast clouds
533,Acu,-5.5767,-36.9086,75.58,86,96,5.06,BR,2022-05-21 01:18:41,overcast clouds
534,Mount Gambier,-37.8333,140.7667,54.68,62,5,7.58,AU,2022-05-21 01:20:58,clear sky
535,Laguna,38.421,-121.4238,83.05,13,0,20.71,US,2022-05-21 01:20:59,clear sky
536,La Asuncion,11.0333,-63.8628,80.33,83,0,17.27,VE,2022-05-21 01:18:08,clear sky
537,Wittingen,52.7269,10.7361,54.99,100,52,16.08,DE,2022-05-21 01:21:00,broken clouds
538,San Quintin,30.4833,-115.95,64.08,73,37,8.19,MX,2022-05-21 01:21:00,scattered clouds
539,Alyangula,-13.8483,136.4192,84.27,61,1,14.79,AU,2022-05-21 01:21:01,clear sky
540,Mangan,27.5167,88.5333,72.68,70,91,1.92,IN,2022-05-21 01:19:20,overcast clouds
541,San Juan Del Sur,11.2529,-85.8705,77.5,86,98,5.01,NI,2022-05-21 01:21:01,overcast clouds
542,Galesong,-5.3166,119.3661,80.62,72,89,2.64,ID,2022-05-21 01:21:02,overcast clouds
543,Malanje,-9.5402,16.341,60.22,94,1,2.89,AO,2022-05-21 01:21:02,clear sky
544,Mezen,65.8522,44.24,28.26,77,14,6.89,RU,2022-05-21 01:21:03,few clouds
545,Yurla,59.3259,54.3223,34.41,94,100,5.08,RU,2022-05-21 01:21:03,overcast clouds
546,Port-Gentil,-0.7193,8.7815,78.49,83,100,12.55,GA,2022-05-21 01:21:04,overcast clouds
547,Medina,24.4686,39.6142,90.03,9,0,5.75,SA,2022-05-21 01:21:04,clear sky
548,Isla Mujeres,21.2311,-86.731,82.45,87,79,16.96,MX,2022-05-21 01:21:05,broken clouds
549,Seymchan,62.8833,152.4333,45.19,68,100,6.02,RU,2022-05-21 01:21:05,overcast clouds
550,Carauari,-4.8828,-66.8958,71.58,91,94,1.14,BR,2022-05-21 01:21:06,overcast clouds
551,Konstantinovskiy,57.8301,39.5899,28.11,92,28,5.3,RU,2022-05-21 01:21:06,scattered clouds
552,Vanavara,60.34,102.2797,61.45,55,5,3.94,RU,2022-05-21 01:21:07,clear sky
553,Oulainen,64.2667,24.8,45.81,73,98,4.65,FI,2022-05-21 01:21:07,overcast clouds
554,Kabo,7.6994,18.629,73.11,85,100,10.18,CF,2022-05-21 01:22:08,overcast clouds
555,Sirnak,37.5228,42.4594,46.31,56,0,9.44,TR,2022-05-21 01:22:08,clear sky
556,Sebinkarahisar,40.2883,38.4236,35.08,75,2,1.14,TR,2022-05-21 01:22:09,clear sky
557,West Wendover,40.7391,-114.0733,54.03,21,89,13.44,US,2022-05-21 01:22:09,overcast clouds
558,Oakdale,44.963,-92.9649,60.22,58,75,12.66,US,2022-05-21 01:22:10,broken clouds
559,Lincoln,40.8,-96.667,64.31,40,75,14.97,US,2022-05-21 01:22:10,broken clouds
560,Nikki,9.9401,3.2108,73.4,90,75,6.55,BJ,2022-05-21 01:22:11,broken clouds
561,Skelleftea,64.7507,20.9528,35.96,75,82,3.44,SE,2022-05-21 01:22:11,broken clouds
562,Olafsvik,64.8945,-23.7142,46.63,90,100,8.12,IS,2022-05-21 01:22:12,overcast clouds
563,Batagay-Alyta,67.8006,130.4114,32.27,84,92,2.73,RU,2022-05-21 01:22:12,overcast clouds
564,Araouane,18.9048,-3.5265,87.08,13,25,5.28,ML,2022-05-21 01:22:13,scattered clouds
565,Ranong,9.9658,98.6348,78.73,85,96,10.96,TH,2022-05-21 01:22:14,moderate rain
566,Portland,45.5234,-122.6762,62.8,57,75,8.05,US,2022-05-21 01:19:24,broken clouds
567,Bada,51.392,109.8717,73.04,30,67,2.68,RU,2022-05-21 01:22:14,broken clouds
568,Aras,42.5617,-2.356,61.21,63,0,0.0,ES,2022-05-21 01:22:15,clear sky
569,Aginskoye,51.1,114.53,63.91,26,50,3.02,RU,2022-05-21 01:22:15,scattered clouds
570,Parrita,9.5201,-84.3225,76.95,90,100,3.85,CR,2022-05-21 01:22:16,overcast clouds
571,Kostomuksha,64.571,30.5767,35.62,77,97,4.43,RU,2022-05-21 01:22:16,overcast clouds
572,Sola,-13.8833,167.55,81.91,76,27,11.63,VU,2022-05-21 01:22:17,scattered clouds
573,Flinders,-34.5833,150.8552,65.17,72,74,5.99,AU,2022-05-21 01:22:17,light rain
574,Salinopolis,-0.6136,-47.3561,75.29,90,100,4.94,BR,2022-05-21 01:22:18,light rain
575,Lyuban,52.7985,28.0048,55.26,94,100,8.59,BY,2022-05-21 01:22:18,overcast clouds
576,Damghan,36.1683,54.348,61.68,56,33,13.47,IR,2022-05-21 01:22:19,scattered clouds
577,Malibu,34.005,-118.8101,67.1,87,97,4.27,US,2022-05-21 01:22:11,overcast clouds
578,Palmer,42.1584,-72.3287,66.81,79,75,4.61,US,2022-05-21 01:22:20,broken clouds
579,Patiya,22.2931,91.9762,81.79,84,8,6.64,BD,2022-05-21 01:22:20,clear sky
580,Leopoldshohe,52.0125,8.6983,53.46,88,64,13.62,DE,2022-05-21 01:22:21,broken clouds
581,Bayir,37.2687,28.2167,50.52,59,0,2.64,TR,2022-05-21 01:22:21,clear sky
582,Srednekolymsk,67.45,153.6833,57.88,38,75,8.14,RU,2022-05-21 01:22:22,broken clouds
583,Metro,-5.1131,105.3067,78.98,83,100,4.27,ID,2022-05-21 01:22:22,overcast clouds
584,Senador Jose Porfirio,-2.5908,-51.9542,71.92,95,100,1.12,BR,2022-05-21 01:22:23,overcast clouds
585,Tura,25.5198,90.2201,74.03,94,30,4.25,IN,2022-05-21 01:22:23,heavy intensity rain
586,Vao,-22.6667,167.4833,73.87,88,100,29.71,NC,2022-05-21 01:22:24,overcast clouds
587,Beausejour,50.0622,-96.5167,38.97,76,100,13.6,CA,2022-05-21 01:22:24,overcast clouds
588,Brazzaville,-4.2658,15.2832,74.91,86,100,2.95,CG,2022-05-21 01:22:25,overcast clouds
589,Hirara,24.8,125.2833,78.66,73,75,14.97,JP,2022-05-21 01:22:25,broken clouds
590,Porto Novo,6.4965,2.6036,82.22,84,100,7.45,BJ,2022-05-21 01:22:26,light rain
591,Humaita,-7.5061,-63.0208,71.94,69,97,0.92,BR,2022-05-21 01:22:26,overcast clouds
592,Aromashevo,56.8602,68.6375,45.21,73,100,5.06,RU,2022-05-21 01:22:27,overcast clouds
593,Sur,22.5667,59.5289,87.49,48,6,11.56,OM,2022-05-21 01:22:27,clear sky
594,Chernushka,56.5072,56.0766,38.3,88,100,7.85,RU,2022-05-21 01:22:27,overcast clouds
595,Dalbandin,28.8947,64.4101,78.06,15,0,7.54,PK,2022-05-21 01:22:28,clear sky
596,Miedzyrzec Podlaski,51.9864,22.7825,57.81,94,100,6.89,PL,2022-05-21 01:22:28,overcast clouds
597,Acapulco,16.8634,-99.8901,80.42,69,40,10.36,MX,2022-05-21 01:22:29,scattered clouds
598,Bubaque,11.2833,-15.8333,78.62,80,44,15.35,GW,2022-05-21 01:22:29,scattered clouds
599,Austin,30.2672,-97.7431,86.11,74,0,18.41,US,2022-05-21 01:20:20,clear sky
600,Aasiaat,68.7098,-52.8699,29.71,75,100,3.65,GL,2022-05-21 01:22:30,overcast clouds
601,Sept-Iles,50.2001,-66.3821,48.06,74,100,6.91,CA,2022-05-21 01:22:30,overcast clouds
602,Rundu,-17.9333,19.7667,47.41,23,8,7.56,NA,2022-05-21 01:23:31,clear sky
603,Zhezkazgan,47.8043,67.7144,55.38,50,0,11.18,KZ,2022-05-21 01:23:31,clear sky
604,Sangmelima,2.9333,11.9833,68.43,98,100,1.74,CM,2022-05-21 01:23:32,overcast clouds
605,Lucea,18.451,-78.1736,82.26,76,100,5.7,JM,2022-05-21 01:23:32,overcast clouds
606,Svobodnyy,51.4,128.1333,60.44,51,74,10.04,RU,2022-05-21 01:23:33,broken clouds
607,Campestre,-21.7111,-46.2464,44.94,82,0,2.84,BR,2022-05-21 01:23:33,clear sky
608,Kepno,51.2784,17.9891,61.74,96,100,13.96,PL,2022-05-21 01:23:34,overcast clouds
609,Taltal,-25.4,-70.4833,63.21,66,100,4.09,CL,2022-05-21 01:23:34,overcast clouds
610,Srivardhan,18.0333,73.0167,81.5,81,84,5.95,IN,2022-05-21 01:23:35,broken clouds
611,Goderich,43.7501,-81.7165,59.83,93,92,21.52,CA,2022-05-21 01:23:35,overcast clouds
612,Gazalkent,41.5581,69.7708,62.69,66,37,6.42,UZ,2022-05-21 01:23:36,scattered clouds
613,Tondano,1.3038,124.9112,80.69,71,60,2.55,ID,2022-05-21 01:23:36,broken clouds
614,Achutupo,9.2,-77.9833,77.11,88,100,5.55,PA,2022-05-21 01:23:37,overcast clouds
615,Lompoc,34.6391,-120.4579,71.02,64,0,13.8,US,2022-05-21 01:23:37,clear sky
616,Bastia,42.6667,9.3333,65.3,71,0,3.44,FR,2022-05-21 01:23:37,clear sky
617,Vestmannaeyjar,63.4427,-20.2734,49.89,80,100,8.03,IS,2022-05-21 01:23:38,overcast clouds
618,Meulaboh,4.1363,96.1285,79.16,82,100,3.04,ID,2022-05-21 01:23:38,overcast clouds
619,Copiapo,-27.3667,-70.3333,53.29,50,19,1.39,CL,2022-05-21 01:23:39,few clouds
620,Mahajanga,-15.7167,46.3167,69.82,83,20,3.44,MG,2022-05-21 01:23:39,few clouds
621,Bumba,2.1833,22.4667,70.99,98,100,3.89,CD,2022-05-21 01:23:40,overcast clouds
622,Wunsiedel,50.0333,12.0167,60.01,80,71,8.01,DE,2022-05-21 01:23:40,broken clouds
623,Regeneracao,-6.2378,-42.6883,72.1,90,30,2.35,BR,2022-05-21 01:23:41,scattered clouds
624,Namwala,-15.7504,26.4384,63.3,60,78,0.58,ZM,2022-05-21 01:23:41,broken clouds
625,Mocuba,-16.8392,36.9856,66.76,96,16,3.85,MZ,2022-05-21 01:23:42,few clouds
626,Burgeo,47.6167,-57.6152,48.51,65,18,6.93,CA,2022-05-21 01:23:42,few clouds
627,Nantucket,41.2835,-70.0995,54.0,94,100,13.8,US,2022-05-21 01:23:43,overcast clouds
628,Ninotsminda,41.2646,43.5916,30.06,93,92,5.41,GE,2022-05-21 01:23:43,overcast clouds
629,Lysa Hora,48.1706,31.1099,57.2,73,29,7.9,UA,2022-05-21 01:23:43,scattered clouds
630,Taoudenni,22.6783,-3.9836,95.05,8,34,14.2,ML,2022-05-21 01:23:44,scattered clouds
631,Astana,51.1801,71.446,60.75,48,0,13.42,KZ,2022-05-21 01:23:44,clear sky
632,Saint-Augustin,51.226,-58.6502,52.23,56,99,11.45,CA,2022-05-21 01:23:45,overcast clouds
633,Lakes Entrance,-37.8811,147.981,56.16,61,0,1.45,AU,2022-05-21 01:23:45,clear sky
634,Aksu,41.1231,80.2644,75.4,29,98,8.01,CN,2022-05-21 01:23:46,overcast clouds
635,Arlit,18.7369,7.3853,85.89,26,9,6.98,NE,2022-05-21 01:23:46,clear sky
636,Lata,40.1629,-8.3327,74.03,41,100,5.93,PT,2022-05-21 01:23:47,overcast clouds
637,Udachnyy,66.4167,112.4,41.45,69,100,2.01,RU,2022-05-21 01:23:47,overcast clouds
638,Erzin,36.9559,36.2,61.93,36,0,4.63,TR,2022-05-21 01:23:48,clear sky
639,Vysokogornyy,50.1167,139.15,44.47,94,100,3.56,RU,2022-05-21 01:23:48,overcast clouds
640,Vuktyl,63.8567,57.3094,31.87,73,100,12.53,RU,2022-05-21 01:23:49,overcast clouds
641,Urumqi,43.801,87.6005,72.55,31,0,4.47,CN,2022-05-21 01:20:02,clear sky
642,Oneonta,42.4529,-75.0638,69.84,93,100,8.97,US,2022-05-21 01:23:49,overcast clouds
643,Cubuk,40.2386,33.0322,48.76,75,0,1.14,TR,2022-05-21 01:23:50,clear sky
644,Morgan City,29.6994,-91.2068,82.99,94,40,6.91,US,2022-05-21 01:23:50,scattered clouds
645,Oussouye,12.485,-16.5469,75.74,78,10,8.14,SN,2022-05-21 01:23:51,clear sky
646,Vallenar,-28.5708,-70.7581,63.03,39,28,1.74,CL,2022-05-21 01:23:51,scattered clouds
647,Hranice,49.548,17.7347,66.52,94,100,8.05,CZ,2022-05-21 01:23:52,overcast clouds
648,Ukiah,39.1502,-123.2078,80.44,27,0,14.97,US,2022-05-21 01:24:52,clear sky
649,Boguchany,58.3814,97.4531,63.23,43,7,8.72,RU,2022-05-21 01:24:53,clear sky
650,Niksic,42.7731,18.9445,40.86,72,11,4.09,ME,2022-05-21 01:24:53,few clouds
651,Khash,28.2211,61.2158,71.11,21,0,3.87,IR,2022-05-21 01:24:54,clear sky
652,Quatre Cocos,-20.2078,57.7625,75.09,73,55,15.82,MU,2022-05-21 01:24:54,broken clouds
653,Muisne,0.6,-80.0333,77.68,85,100,5.7,EC,2022-05-21 01:24:55,overcast clouds
654,Marevo,57.3146,32.0804,40.57,67,96,7.72,RU,2022-05-21 01:24:55,overcast clouds
655,Sol-Iletsk,51.1631,54.9918,43.63,94,100,14.47,RU,2022-05-21 01:24:56,overcast clouds
656,Yatou,37.15,122.3833,73.81,51,0,9.01,CN,2022-05-21 01:24:56,clear sky
657,Edgewater,28.9889,-80.9023,75.43,88,100,16.46,US,2022-05-21 01:21:15,moderate rain
658,Malinovoye Ozero,51.6753,79.7825,67.71,32,24,5.88,RU,2022-05-21 01:24:57,few clouds
659,Asosa,10.0667,34.5333,63.57,75,65,4.41,ET,2022-05-21 01:24:57,broken clouds
660,Turiacu,-1.6633,-45.3717,72.68,96,82,2.62,BR,2022-05-21 01:24:57,broken clouds
661,Siocon,7.7061,122.1353,83.28,77,99,4.43,PH,2022-05-21 01:24:58,moderate rain
662,Coimbra,40.2056,-8.4195,73.15,45,100,6.11,PT,2022-05-21 01:24:58,overcast clouds
663,Diego De Almagro,-26.3667,-70.05,59.23,41,87,1.45,CL,2022-05-21 01:21:28,overcast clouds
664,Sabha,27.0377,14.4283,67.37,36,0,20.87,LY,2022-05-21 01:24:59,clear sky
665,Tank,32.2217,70.3793,85.77,22,0,4.76,PK,2022-05-21 01:24:59,clear sky
666,Hare Bay,48.8499,-54.0148,45.75,76,0,2.57,CA,2022-05-21 01:25:00,clear sky
667,Jijiang,29.2906,106.2542,75.36,82,100,2.06,CN,2022-05-21 01:25:00,overcast clouds
668,Tilichiki,60.4667,166.1,38.7,86,100,4.34,RU,2022-05-21 01:25:01,overcast clouds
669,Kaohsiung,22.6163,120.3133,83.03,80,75,3.44,TW,2022-05-21 01:25:01,haze
670,Celestun,20.8667,-90.4,86.38,62,89,9.55,MX,2022-05-21 01:25:02,overcast clouds
671,Mandurah,-32.55,115.7,64.9,69,15,10.16,AU,2022-05-21 01:25:02,few clouds
672,Dali,25.7,100.1833,66.25,70,66,1.43,CN,2022-05-21 01:25:03,broken clouds
673,Cap Malheureux,-19.9842,57.6142,75.47,72,26,5.99,MU,2022-05-21 01:25:03,scattered clouds
674,Adeje,28.1227,-16.726,67.32,78,75,14.97,ES,2022-05-21 01:25:04,broken clouds
675,Gizo,-8.103,156.8419,85.28,66,8,7.72,SB,2022-05-21 01:25:05,clear sky
676,Pacific Grove,36.6177,-121.9166,74.89,62,0,8.05,US,2022-05-21 01:25:05,clear sky
677,Espera Feliz,-20.6503,-41.9072,51.22,90,0,2.1,BR,2022-05-21 01:25:06,clear sky
678,Praia,14.9215,-23.5087,70.34,83,20,13.8,CV,2022-05-21 01:25:06,few clouds
679,Wuxue,29.8506,115.5525,71.13,73,34,1.34,CN,2022-05-21 01:25:07,scattered clouds
680,Plock,52.5468,19.7064,58.01,99,100,6.93,PL,2022-05-21 01:25:07,moderate rain
681,Bluefields,12.0137,-83.7635,76.35,92,100,5.17,NI,2022-05-21 01:25:08,overcast clouds
682,Domoni,-12.2569,44.5319,76.55,77,10,3.18,KM,2022-05-21 01:25:08,clear sky
683,Riberalta,-10.9833,-66.1,68.05,63,9,0.83,BO,2022-05-21 01:25:09,clear sky
684,Albacete,38.8333,-2.0,67.19,82,0,6.91,ES,2022-05-21 01:25:03,clear sky
685,Along,28.1667,94.7667,70.09,94,69,2.08,IN,2022-05-21 01:25:09,broken clouds
686,Cockburn Town,21.4612,-71.1419,79.86,87,100,20.09,TC,2022-05-21 01:25:10,overcast clouds
687,Bonthe,7.5264,-12.505,78.22,87,100,8.12,SL,2022-05-21 01:25:10,light rain
688,Sakaraha,-22.9,44.5333,62.55,57,0,4.56,MG,2022-05-21 01:25:11,clear sky
689,Ciudad Guayana,8.3533,-62.6528,81.52,80,5,10.6,VE,2022-05-21 01:25:11,clear sky
690,Nanakuli,21.3906,-158.1547,85.95,67,0,9.22,US,2022-05-21 01:25:12,light rain
691,Kiunga,-6.1219,141.2906,82.94,73,73,4.09,PG,2022-05-21 01:23:11,broken clouds
692,Xining,36.6167,101.7667,56.7,57,100,1.39,CN,2022-05-21 01:25:13,overcast clouds
693,Akhtubinsk,48.2795,46.1722,42.53,81,0,10.92,RU,2022-05-21 01:26:13,clear sky
694,Pilar,-9.5972,-35.9567,73.33,96,94,3.69,BR,2022-05-21 01:26:14,light rain
695,Zyryanka,65.75,150.85,55.17,39,100,17.25,RU,2022-05-21 01:26:14,overcast clouds
696,Waddan,29.1614,16.139,58.53,49,0,6.89,LY,2022-05-21 01:26:15,clear sky
697,Ginda,30.6945,78.4932,66.94,27,65,6.2,IN,2022-05-21 01:26:15,broken clouds
698,Orapa,-21.2833,25.3667,50.25,61,61,10.83,BW,2022-05-21 01:26:16,broken clouds
699,Le Port,-20.9373,55.2919,73.36,65,6,3.53,RE,2022-05-21 01:26:16,clear sky
700,Salisbury,51.0693,-1.7957,52.97,88,99,9.22,GB,2022-05-21 01:26:17,overcast clouds
701,Nabire,-3.3667,135.4833,84.99,67,7,2.24,ID,2022-05-21 01:25:07,clear sky
702,Huarmey,-10.0681,-78.1522,65.79,89,36,7.83,PE,2022-05-21 01:26:17,scattered clouds
703,Mana,5.6592,-53.7767,76.33,91,100,10.04,GF,2022-05-21 01:26:18,light rain
704,Oktyabrskiy,54.4815,53.471,40.12,92,100,10.27,RU,2022-05-21 01:26:18,overcast clouds
705,Taketa,32.9652,131.3785,61.79,98,100,4.47,JP,2022-05-21 01:26:19,overcast clouds
706,Kalmunai,7.4167,81.8167,80.35,76,10,7.76,LK,2022-05-21 01:26:19,clear sky
707,Quibdo,5.6947,-76.6611,79.14,94,75,1.1,CO,2022-05-21 01:26:20,broken clouds
708,Sao Felix Do Xingu,-6.6447,-51.995,70.75,78,46,0.51,BR,2022-05-21 01:24:42,scattered clouds
709,Solton,52.8429,86.4787,60.31,64,28,6.51,RU,2022-05-21 01:26:21,scattered clouds
710,Amapa,1.0,-52.0,69.87,100,100,1.48,BR,2022-05-21 01:26:21,overcast clouds
711,Mosquera,4.7059,-74.2302,55.49,94,75,2.3,CO,2022-05-21 01:26:21,broken clouds
712,Tevaitoa,-16.7833,-151.5,79.75,72,5,6.78,PF,2022-05-21 01:26:22,clear sky
713,Atlantic City,39.3643,-74.4229,69.03,86,0,6.91,US,2022-05-21 01:26:23,clear sky
714,Okha,53.5739,142.9478,39.15,78,100,13.4,RU,2022-05-21 01:26:23,overcast clouds
715,Janakpur,26.7183,85.9065,81.03,68,0,6.8,NP,2022-05-21 01:26:24,clear sky
716,Denpasar,-8.65,115.2167,85.66,84,20,4.61,ID,2022-05-21 01:26:24,few clouds
717,Alvaraes,-3.2208,-64.8042,71.19,90,9,0.85,BR,2022-05-21 01:26:25,clear sky
718,Macapa,0.0389,-51.0664,76.98,94,0,3.44,BR,2022-05-21 01:26:08,clear sky
